origin,destination,distance
AAP,BOP,0.71
AAP,HRN,0.93
AAP,NSG,1.46
AAT,ACN,6.48
AAT,LCC,4.18
ABA,CMH,1.53
ABC,FRS,8.09
ABC,SCT,9.08
ABD,DYC,6.14
ABD,PLN,8.20
ABE,CPH,0.61
ABE,ECP,1.03
ABH,PNC,1.59
ABH,PWL,1.76
ABW,BVD,1.48
ABW,PLU,1.53
ABY,ADK,0.79
ABY,BLV,1.10
ABY,GTO,1.11
ABY,MCV,3.86
ACB,HTF,2.67
ACB,RUN,7.94
ACB,WBQ,9.65
ACC,SAT,0.69
ACC,WIJ,1.88
ACG,OLT,0.98
ACG,TYS,0.96
ACH,ACN,12.53
ACH,STC,5.53
ACK,ALM,3.99
ACK,WDD,5.29
ACL,GYM,7.91
ACL,LGD,2.45
ACN,AAT,6.48
ACN,ACH,12.53
ACR,CTW,0.84
ACR,HCT,1.70
ACT,BAG,3.13
ACT,MAO,2.29
ACT,SNG,2.11
ACY,PER,2.50
ACY,PPD,3.49
ACY,QYD,1.56
ADC,PRB,1.93
ADC,PYT,2.18
ADD,BHM,2.01
ADD,SCF,1.89
ADK,ABY,0.79
ADK,MAN,0.89
ADL,BLK,2.03
ADL,CRL,3.06
ADM,AYH,1.08
ADM,BKS,3.03
ADN,ADS,0.41
ADN,ASB,0.59
ADR,COA,0.88
ADR,DRU,1.50
ADS,ADN,0.41
ADV,GRT,6.38
ADV,WCH,7.18
ADW,BRC,2.63
ADW,WCL,1.73
AFK,CHG,6.10
AFK,EBD,33.55
AFK,HMT,5.53
AFK,PLC,5.68
AFK,WHA,8.08
AFK,WYE,4.28
AFS,FEL,2.69
AFS,SNS,1.53
AFV,LTM,1.24
AFV,SAS,1.94
AGL,CWB,6.10
AGL,RHL,4.28
AGS,BDG,1.23
AGS,GLC,0.38
AGT,HOV,0.48
AGT,PLD,0.99
AGV,HFD,23.99
AGV,PPL,9.30
AHD,EPS,2.03
AHD,LHD,1.80
AHN,MCV,6.30
AHN,SYB,1.21
AHS,CWN,2.78
AHS,ERI,3.56
AHT,AHV,2.54
AHT,ASH,2.81
AHT,FNH,3.06
AHV,AHT,2.54
AHV,BKO,4.51
AHV,FML,3.21
AIG,CSG,0.73
AIG,STM,1.38
AIN,OPK,0.93
AIN,ORN,0.91
AIR,HNC,2.27
AIR,MTH,0.76
ALB,COS,1.60
ALB,CSL,3.15
ALD,CEL,3.01
ALD,WML,1.64
ALF,CHD,10.16
ALF,LBO,24.48
ALF,LGM,6.33
ALK,BIN,2.19
ALK,ELO,1.83
ALM,ACK,3.99
ALM,CHT,11.18
ALN,BUU,2.96
ALN,NFA,3.06
ALO,STG,6.80
ALP,CWE,3.73
ALP,SCU,3.41
ALR,GRB,3.04
ALR,WIV,1.74
ALT,HAL,0.61
ALT,NVR,0.63
ALV,BTG,1.98
ALV,RDC,3.23
ALW,EAG,0.48
ALW,TEA,2.75
ALX,BHC,2.31
ALX,RTN,1.11
AMB,BLP,2.74
AMB,WTS,1.99
AMF,LLI,1.79
AMF,PTF,1.16
AML,EAL,1.44
AML,KPA,3.74
AML,PAD,4.20
AMR,CFO,2.05
AMR,GMN,5.18
AMT,MDG,1.95
AMT,THE,3.55
AMY,ARU,3.59
AMY,PUL,4.78
ANC,BTF,12.54
ANC,GRA,9.19
ANC,RAU,3.88
AND,EXG,0.51
AND,GLC,0.41
ANF,BEU,2.66
ANF,TTN,2.89
ANG,FOD,4.15
ANG,GBS,2.46
ANG,LIT,5.10
ANL,HYN,0.94
ANL,KVD,1.00
ANL,WES,1.50
ANN,DMF,15.51
ANN,GEA,8.10
ANS,FRE,2.86
ANS,HIL,1.49
ANZ,NWD,1.13
ANZ,PNW,0.40
AON,BTY,4.84
APB,GST,1.80
APB,PBL,2.24
APD,HMT,2.99
APD,RYE,6.80
APF,CHO,6.61
APF,CUM,1.01
APF,DID,2.08
APG,RID,1.68
APG,WOB,0.96
APP,KSW,10.68
APP,LGW,11.40
APS,HML,1.41
APS,KGL,2.14
APY,KLF,3.50
APY,SHY,3.09
ARB,CAN,6.13
ARB,MTS,14.12
ARD,CUA,3.13
ARD,TAI,13.59
ARG,BSL,3.41
ARG,MRR,4.71
ARL,BIW,4.25
ARL,HIT,4.99
ARM,BHG,2.45
ARM,BKR,2.43
ARN,GOS,3.20
ARN,SVR,2.35
ARR,BEV,2.95
ARR,HUT,5.06
ART,AUI,8.04
ART,GCH,10.61
ARU,AMY,3.59
ARU,FOD,2.28
ARU,LIT,3.23
ASB,ADN,0.59
ASB,SLT,0.79
ASB,WKB,4.65
ASC,CNM,7.25
ASC,WOP,11.29
ASC,WOS,14.75
ASF,GLQ,2.30
ASF,PPK,0.58
ASG,CRE,6.31
ASG,KDG,2.34
ASH,AHT,2.81
ASH,NCM,1.99
ASH,WAN,2.08
ASK,BIF,6.01
ASK,KBF,3.26
ASN,BFN,1.95
ASN,CHY,1.43
ASN,WYB,1.75
ASP,MRY,7.66
ASP,WGT,8.15
ASS,DIN,10.15
ASS,IGD,2.59
AST,DUD,1.39
AST,GVH,1.09
AST,SCF,2.95
AST,WTT,0.71
ASY,HAL,1.65
ASY,MOB,1.88
ATB,BEE,1.46
ATB,EMD,5.16
ATB,LBO,10.16
ATB,LGE,2.95
ATH,NUN,5.20
ATH,PSW,4.19
ATL,ECS,3.61
ATL,SPN,3.25
ATN,HGF,0.22
ATN,WKD,3.60
ATT,STC,2.33
ATT,STF,4.91
AUD,GRC,4.01
AUD,NWE,1.79
AUG,OMS,1.20
AUG,TWN,0.99
AUI,ART,8.04
AUI,CNR,8.71
AUK,KMK,13.75
AUK,NCK,7.54
AUR,BTS,2.70
AUR,DAG,2.85
AUW,CBY,3.70
AUW,SIP,1.29
AVF,BOA,1.33
AVF,FFD,0.91
AVM,CAG,6.48
AVM,KIN,11.99
AVN,PRI,0.84
AVN,SAR,0.91
AVN,SHH,1.40
AVP,AYS,2.50
AVY,PHG,0.93
AVY,TYW,3.61
AWK,BYK,2.35
AWK,SES,4.66
AWM,BDK,4.41
AWM,RYS,3.90
AWT,CAR,9.60
AWT,LZB,5.60
AXM,CKN,13.16
AXM,HON,10.19
AXP,BNL,0.94
AXP,DST,0.34
AYH,ADM,1.08
AYH,SWO,0.93
AYL,MDB,3.09
AYL,NHE,0.89
AYP,BXY,1.01
AYP,SID,0.94
AYR,MAY,8.96
AYR,NOA,1.20
AYS,AVP,2.50
AYS,LTK,4.34
AYS,SKM,2.21
AYW,BOW,4.30
BAA,BOG,3.59
BAA,CCH,6.28
BAA,FOD,2.68
BAB,HHE,3.94
BAB,TBD,4.54
BAC,CPU,3.73
BAC,CTR,1.44
BAD,BLM,1.48
BAD,EPD,1.46
BAG,ACT,3.13
BAG,CAM,3.29
BAH,BOT,0.69
BAH,SDL,0.66
BAI,CBS,0.70
BAI,EST,2.56
BAJ,BNF,1.75
BAJ,PTA,1.92
BAK,CLJ,1.45
BAK,VIC,1.24
BAK,WWR,0.70
BAL,MIJ,4.10
BAL,MTC,3.25
BAL,SRC,1.95
BAL,SRH,1.05
BAL,WSW,0.59
BAM,HOP,1.93
BAM,HSG,1.65
BAN,KGS,1.40
BAN,LMS,19.90
BAR,CNF,3.76
BAR,LAN,2.59
BAR,MCM,1.43
BAS,BFE,2.80
BAS,CSK,1.69
BAT,CWU,2.05
BAT,RBR,5.99
BAU,BAV,2.15
BAV,BAU,2.15
BAV,NHL,1.39
BAW,FNN,2.53
BAW,SND,1.54
BAY,CUF,3.49
BAY,HFN,2.90
BBG,GLQ,3.24
BBG,LNZ,3.01
BBK,CSL,0.51
BBK,WVH,3.99
BBL,OTF,1.60
BBL,SEV,1.18
BBN,DWN,4.15
BBN,MLH,1.20
BBN,RGW,2.85
BBN,RIS,2.76
BBS,BMO,0.80
BBS,SMA,1.03
BBW,HOY,1.08
BBW,LCK,1.07
BCB,HSC,1.51
BCB,NLN,1.23
BCC,BRP,4.56
BCC,OUS,6.35
BCE,MAO,1.02
BCE,WKM,4.33
BCF,HWY,4.86
BCF,SRG,1.56
BCG,RHI,0.51
BCG,TGS,0.60
BCH,HNB,7.98
BCH,WGA,1.74
BCJ,OMS,2.59
BCJ,RUF,2.91
BCK,HWD,2.09
BCK,PNF,1.16
BCN,DFR,1.39
BCN,IBM,1.18
BCS,HDM,12.96
BCS,KGS,12.44
BCU,BEU,4.75
BCU,LYT,4.88
BCU,SWY,2.74
BCV,SVS,0.76
BCV,WHL,0.79
BCY,HPA,1.04
BCY,NXG,0.80
BDA,BGA,0.96
BDA,BUC,2.15
BDA,LGD,2.20
BDB,DTG,2.15
BDB,HTY,1.03
BDG,AGS,1.23
BDG,DAK,0.50
BDH,CSA,3.36
BDH,HAV,0.66
BDH,HLS,3.36
BDI,LMR,2.85
BDI,NPD,3.76
BDK,AWM,4.41
BDK,LET,1.96
BDL,HIL,1.01
BDL,SOP,0.93
BDM,BSJ,0.75
BDM,FLT,9.63
BDM,WEL,15.25
BDN,SAB,2.72
BDN,SAN,1.75
BDQ,FZH,1.72
BDT,BEM,3.64
BDT,NFN,9.33
BDW,HGD,4.78
BDW,PEW,8.95
BDY,BNT,1.01
BDY,RML,1.04
BEA,DBL,2.11
BEA,STG,2.82
BEB,PSL,1.01
BEB,RFY,1.01
BEC,BGM,0.66
BEC,RVB,0.85
BEE,ATB,1.46
BEE,NOT,3.28
BEF,LES,3.39
BEF,PSE,2.61
BEG,PDW,1.81
BEG,YAL,1.61
BEH,BEP,3.00
BEH,CAA,2.64
BEL,INV,10.10
BEL,MOO,2.91
BEM,BDT,3.64
BEM,HUB,7.13
BEN,CPY,3.31
BEN,WNN,3.24
BEP,BEH,3.00
BEP,NUN,1.51
BER,CLV,3.25
BER,WMC,1.61
BES,MEC,3.03
BES,NLN,2.14
BET,CBH,0.64
BET,LST,1.14
BET,SRA,2.90
BEU,ANF,2.66
BEU,BCU,4.75
BEV,ARR,2.95
BEV,CGM,4.29
BEX,CLL,0.81
BEX,SLQ,3.90
BEY,BUW,2.24
BEY,ILK,0.96
BFD,KWB,0.99
BFD,SYL,0.78
BFE,BAS,2.80
BFE,SBV,4.16
BFF,RMB,4.66
BFN,ASN,1.95
BFN,WBY,1.28
BFN,WYB,1.25
BFR,CTK,0.37
BFR,EPH,1.21
BFR,LBG,1.13
BGA,BDA,0.96
BGA,NRW,4.83
BGD,BHD,1.35
BGD,GFF,0.61
BGE,EDG,1.86
BGE,ROB,1.59
BGE,WAV,1.00
BGG,BTB,3.61
BGG,KTL,6.21
BGH,DHN,3.25
BGH,HFX,5.25
BGH,MIR,4.00
BGH,SOW,5.50
BGI,BIO,1.82
BGI,KWD,0.86
BGL,LUX,2.06
BGL,ROC,2.46
BGM,BEC,0.66
BGM,CTF,0.88
BGN,LWM,9.39
BGN,PCD,3.81
BGN,PYL,5.93
BGN,WMI,0.81
BGS,CDY,0.84
BGS,PTG,0.93
BHC,ALX,2.31
BHD,BGD,1.35
BHD,TIR,1.11
BHG,ARM,2.45
BHG,LSN,3.00
BHI,HIA,1.94
BHI,MGN,1.71
BHK,EDR,1.26
BHK,ENF,0.78
BHM,ADD,2.01
BHM,DUD,1.45
BHM,FWY,0.91
BHM,HSD,5.59
BHM,KNN,7.18
BHM,SGB,3.91
BHM,SMA,3.21
BHM,SMR,3.21
BHM,WTO,7.86
BHO,STO,1.51
BHO,WMW,0.76
BHR,CIM,1.99
BHR,LLO,5.59
BHS,HOY,0.91
BHS,SSM,2.04
BIA,SHD,2.91
BIC,SNF,4.20
BIC,WIC,4.63
BID,BKN,0.98
BID,LSW,0.85
BID,UPT,1.80
BIF,ASK,6.01
BIF,ROO,1.85
BIG,CHH,4.80
BIG,PUL,5.10
BIK,BKJ,1.46
BIK,CYP,1.63
BIL,SEC,5.12
BIL,STK,4.33
BIN,ALK,2.19
BIN,RDF,3.40
BIO,BGI,1.82
BIO,MTV,0.75
BIP,NVH,1.44
BIP,SEF,0.88
BIS,SAW,3.63
BIS,SST,3.04
BIT,HDM,12.97
BIT,ISP,5.94
BIW,ARL,4.25
BIW,SDY,2.96
BIY,CFL,0.63
BIY,SAE,2.31
BKA,EFF,1.69
BKA,LHD,2.54
BKC,BKQ,0.53
BKC,GNL,0.44
BKD,HAG,1.73
BKD,KID,3.13
BKG,DDK,3.05
BKG,UPM,7.68
BKG,WEH,3.47
BKG,WGR,1.63
BKH,CTN,1.95
BKH,KDB,0.99
BKH,LEW,0.90
BKJ,BIK,1.46
BKJ,KTH,0.83
BKJ,NBC,0.50
BKJ,SRT,1.38
BKL,BMS,1.06
BKL,PET,1.80
BKL,SMY,2.76
BKM,HML,3.23
BKM,TRI,3.95
BKN,BID,0.98
BKN,BKP,0.88
BKN,WLV,1.64
BKO,AHV,4.51
BKO,FNB,5.21
BKO,WOK,3.66
BKP,BKN,0.88
BKP,CNP,0.48
BKQ,BKC,0.53
BKQ,CNP,0.72
BKQ,LVJ,1.18
BKR,ARM,2.43
BKR,CAC,6.00
BKS,ADM,3.03
BKS,CBE,2.93
BKT,BUL,0.84
BKT,SEN,2.49
BKW,HIA,3.28
BKW,THL,1.91
BLA,DLW,23.48
BLA,PIT,6.85
BLB,SOF,2.56
BLB,WIC,2.50
BLD,GSY,3.20
BLD,SHY,1.46
BLE,LDS,4.02
BLE,NPD,1.77
BLG,CAY,1.83
BLG,DST,0.56
BLG,HST,0.56
BLH,HLY,2.06
BLH,MTH,2.83
BLH,UDD,2.63
BLK,ADL,2.03
BLK,HWI,1.55
BLL,HDB,3.98
BLL,HWH,4.76
BLM,BAD,1.48
BLM,SUO,1.09
BLN,HLR,0.78
BLN,WLO,1.11
BLO,MCE,1.96
BLO,WYM,4.40
BLP,AMB,2.74
BLP,DFI,2.53
BLT,HNW,1.79
BLT,NTN,2.61
BLV,ABY,1.10
BLV,RRB,0.50
BLW,HKN,2.75
BLW,NOT,5.50
BLX,BWN,0.60
BLX,WSL,2.75
BLY,FEN,1.06
BLY,LBZ,6.46
BLY,MKC,3.15
BMB,LOH,1.13
BMB,PLS,5.15
BMC,BON,3.03
BMC,ENT,3.02
BMC,HID,1.36
BMD,ENL,1.06
BMD,PON,0.88
BME,CRV,2.76
BME,HPT,2.54
BMF,BUH,4.98
BMF,GBD,1.50
BMG,EML,1.74
BMG,MDE,2.41
BMH,BSM,2.61
BMH,POK,1.73
BML,CHU,1.56
BML,PYT,1.35
BMN,SUP,0.44
BMO,BBS,0.80
BMO,BSW,0.50
BMP,HWH,12.10
BMP,WRL,6.69
BMR,BOM,0.70
BMR,SPI,0.73
BMS,BKL,1.06
BMS,SRT,0.86
BMT,BRI,0.89
BMT,PSN,0.91
BMV,BTG,3.58
BMV,CNM,31.14
BMV,DTW,6.16
BMV,WOP,12.60
BMY,BSK,4.99
BMY,MOR,3.34
BNA,EDY,0.90
BNA,MAU,0.88
BNC,BRF,2.21
BNC,BUB,0.49
BND,LAK,3.85
BND,TTF,7.24
BNE,COO,1.55
BNE,MLW,2.68
BNF,BAJ,1.75
BNF,NTH,1.75
BNG,LLF,7.29
BNG,LPG,3.48
BNH,BXH,1.15
BNH,DFD,3.10
BNH,SGR,1.59
BNI,BNS,0.59
BNI,CHK,0.93
BNL,AXP,0.94
BNL,SPR,0.61
BNM,SLO,2.51
BNM,TAP,1.53
BNP,CPN,4.29
BNR,EBL,1.94
BNR,HEW,3.74
BNS,BNI,0.59
BNS,MTL,1.18
BNS,PUT,1.19
BNT,BDY,1.01
BNT,RDN,1.71
BNV,CPA,1.06
BNV,FTW,2.24
BNW,BOT,0.41
BNW,SFL,0.99
BNY,DOD,2.75
BNY,DRT,3.39
BNY,WOM,4.03
BOA,AVF,1.33
BOA,TRO,3.29
BOC,RAV,4.75
BOC,SIC,5.35
BOD,LOS,3.39
BOD,LSK,9.21
BOE,FRM,5.35
BOE,HDE,1.95
BOG,BAA,3.59
BOH,FSB,1.39
BOH,NUT,1.65
BOM,BMR,0.70
BOM,ERA,0.50
BON,BMC,3.03
BON,HID,1.67
BON,LOT,3.06
BON,MSS,1.16
BON,WHG,4.63
BOP,AAP,0.71
BOP,PAL,0.94
BOR,LPG,9.29
BOR,TYC,2.74
BOT,BAH,0.69
BOT,BNW,0.41
BOW,AYW,4.30
BOW,BRH,4.03
BPB,BPS,0.45
BPB,SQU,1.20
BPK,PBR,1.75
BPK,WMG,0.98
BPN,LAY,1.34
BPS,BPB,0.45
BPT,LGB,4.08
BPT,PYJ,4.18
BPW,FIT,1.43
BPW,PWY,1.30
BPW,SWI,34.49
BPW,YAE,6.25
BRA,DNO,4.40
BRA,HMS,10.90
BRC,ADW,2.63
BRC,FLD,2.13
BRE,HRO,3.20
BRE,SNF,2.00
BRF,BNC,2.21
BRF,NEL,1.24
BRG,KMS,2.63
BRG,WMA,5.13
BRH,BOW,4.03
BRH,DVY,8.33
BRI,BMT,0.89
BRI,KYN,4.60
BRI,LWH,1.03
BRK,GLY,4.46
BRK,PLG,4.14
BRL,GIR,12.25
BRL,STR,25.96
BRM,LLA,1.44
BRM,MFA,1.58
BRN,HLF,0.56
BRN,WES,1.18
BRO,RAN,15.60
BRO,UTY,7.59
BRP,BCC,4.56
BRP,HAS,4.01
BRR,DNL,9.06
BRR,NIT,1.59
BRS,NEM,1.19
BRS,SUR,1.08
BRT,SNE,2.54
BRT,WED,0.56
BRU,CLC,3.51
BRU,FRO,10.61
BRV,KNN,1.05
BRV,SLY,1.04
BRW,LVC,1.43
BRW,STM,1.17
BRX,DMK,1.11
BRX,HNH,0.51
BRX,KPA,5.41
BRX,VIC,3.18
BRY,BYD,1.18
BRY,BYI,0.80
BRY,RIA,3.27
BSB,FSK,1.83
BSB,THU,1.35
BSC,TAB,0.99
BSC,WSL,1.96
BSC,WVH,6.08
BSD,HBN,2.29
BSD,MDE,2.80
BSE,KNE,9.69
BSE,TRS,4.09
BSH,CPK,1.29
BSH,WFH,0.81
BSH,WFJ,1.45
BSI,BYF,1.55
BSI,MON,0.94
BSJ,BDM,0.75
BSJ,KMH,3.09
BSK,BMY,4.99
BSK,HOK,5.61
BSK,MIC,10.33
BSK,OVR,7.80
BSL,ARG,3.41
BSL,LCL,4.78
BSM,BMH,2.61
BSM,PKS,1.31
BSN,HBB,3.63
BSN,TPC,16.91
BSO,LAI,1.50
BSO,PSE,2.21
BSP,BSY,0.46
BSP,KNR,0.60
BSR,DMP,1.23
BSR,MAR,3.24
BSS,IRV,3.65
BSS,TRN,1.30
BSU,EDB,3.90
BSU,NEW,0.78
BSV,CRL,2.00
BSV,LEY,2.55
BSW,BMO,0.50
BSW,JEQ,0.75
BSY,BSP,0.46
BSY,WHD,0.50
BTB,BGG,3.61
BTB,HAB,6.44
BTB,MKR,14.63
BTB,SCU,11.39
BTD,GOE,0.76
BTD,SWN,2.43
BTE,SDN,0.71
BTE,WLS,1.70
BTF,ANC,12.54
BTF,ELO,2.60
BTF,GRA,7.38
BTG,ALV,1.98
BTG,BMV,3.58
BTG,LOB,2.53
BTH,CPM,12.94
BTH,FFD,7.20
BTH,OLF,1.01
BTL,DEW,1.34
BTL,MLY,3.18
BTN,HOV,1.45
BTN,LRB,0.76
BTN,PRP,1.35
BTO,DPD,2.59
BTO,REI,2.89
BTP,BTR,0.75
BTP,CES,1.25
BTR,BTP,0.75
BTR,CES,2.01
BTS,AUR,2.70
BTS,KGH,2.61
BTT,GTA,2.60
BTT,KLD,1.76
BTY,AON,4.84
BTY,FNH,3.91
BUB,BNC,0.49
BUB,RSG,1.08
BUC,BDA,2.15
BUC,CNY,2.24
BUD,KEN,1.75
BUD,SVL,2.48
BUE,CWC,3.33
BUE,SUY,4.86
BUG,HSK,2.06
BUG,WVF,0.84
BUH,BMF,4.98
BUH,FRY,2.95
BUI,CFF,1.03
BUI,KKH,1.35
BUJ,CTO,2.04
BUJ,LOW,2.33
BUK,HPT,2.94
BUK,KNI,4.24
BUL,BKT,0.84
BUL,FOK,1.08
BUO,HME,1.39
BUO,SNW,2.01
BUS,CKS,0.81
BUS,THT,1.00
BUT,TAM,12.98
BUT,WIL,4.89
BUU,ALN,2.96
BUU,SMN,2.23
BUW,BEY,2.24
BUW,MNN,1.36
BUX,DVH,3.04
BUY,HDY,0.78
BUY,LDS,2.33
BVD,ABW,1.48
BVD,ERH,1.23
BWB,FEN,1.00
BWB,WOB,2.04
BWD,GLZ,2.84
BWD,PDG,1.45
BWG,DBE,2.59
BWG,KPT,1.74
BWK,CHT,20.95
BWK,DUN,28.40
BWK,RSN,11.03
BWN,BLX,0.60
BWN,LAW,2.14
BWO,GSN,1.63
BWO,HWW,0.83
BWS,LBO,3.08
BWS,SIL,2.02
BWT,HIG,6.28
BWT,TAU,11.56
BXB,CHN,3.19
BXB,RYH,1.73
BXB,RYN,2.94
BXD,COH,4.71
BXD,UCK,2.31
BXH,BNH,1.15
BXH,WLI,1.39
BXW,DKG,0.91
BXW,LHD,3.15
BXY,AYP,1.01
BXY,CRY,1.45
BYA,GYM,4.69
BYA,REE,3.73
BYB,LGN,3.39
BYB,UTT,11.08
BYC,LWR,3.40
BYC,PYP,4.35
BYD,BRY,1.18
BYD,CAD,0.85
BYE,LLE,2.73
BYE,LLH,1.93
BYF,BSI,1.55
BYF,DEE,3.91
BYI,BRY,0.80
BYK,AWK,2.35
BYK,DON,1.63
BYL,GOF,1.04
BYL,MON,2.90
BYM,HBD,12.89
BYM,RSG,1.25
BYM,TOD,9.27
BYN,GSW,1.30
BYN,WGN,3.69
BYS,NRT,1.45
BYS,SEL,2.01
CAA,BEH,2.64
CAA,COV,3.00
CAC,BKR,6.00
CAC,DRU,2.51
CAD,BYD,0.85
CAD,DNS,1.90
CAG,AVM,6.48
CAG,INV,28.04
CAK,KBK,2.01
CAK,ULV,5.61
CAM,BAG,3.29
CAM,FML,2.23
CAN,ARB,6.13
CAN,GOF,0.56
CAO,HNF,1.86
CAO,LAW,2.05
CAR,AWT,9.60
CAR,DLS,4.04
CAR,GEA,8.53
CAR,LOC,25.83
CAR,PNR,17.85
CAR,WRL,4.28
CAS,MIH,2.94
CAS,RCD,1.61
CAT,WHS,1.66
CAU,SDP,1.36
CAU,SKN,1.31
CAY,BLG,1.83
CAY,SLS,0.80
CBB,LEL,1.90
CBB,SIV,1.15
CBC,GRL,5.45
CBC,WFF,0.75
CBD,DIN,3.00
CBD,MOO,2.68
CBE,BKS,2.93
CBE,SEG,6.58
CBG,CMB,2.29
CBG,DUL,11.36
CBG,FXN,6.98
CBG,SED,3.21
CBH,BET,0.64
CBH,LOF,0.65
CBK,PIN,2.55
CBK,WHM,3.00
CBL,GLC,5.04
CBL,NTN,1.59
CBL,RUT,1.89
CBN,HYL,5.89
CBN,RED,3.65
CBP,DRG,0.46
CBP,SGN,0.75
CBR,LWS,2.56
CBR,PMP,2.86
CBS,BAI,0.70
CBS,COA,0.96
CBW,CRT,3.16
CBW,STU,2.38
CBY,AUW,3.70
CBY,FIN,1.63
CCC,PNC,4.43
CCC,PTM,5.03
CCH,BAA,6.28
CCH,FSB,1.53
CCT,LGS,0.76
CCT,MFL,0.66
CCT,MUI,0.80
CDB,CDQ,1.08
CDD,GLT,3.50
CDD,LCG,2.18
CDF,CDQ,0.70
CDF,GTN,1.11
CDF,NNP,0.99
CDF,NWP,11.79
CDF,PYC,11.25
CDF,PYE,12.52
CDI,NTC,2.64
CDI,OKE,18.06
CDI,YEO,3.66
CDN,RHM,0.78
CDN,WME,0.91
CDO,GLC,3.78
CDO,HLE,0.64
CDQ,CDB,1.08
CDQ,CDF,0.70
CDQ,CYS,0.49
CDQ,HHL,2.55
CDQ,HLL,2.48
CDR,CGD,3.60
CDR,DLR,3.15
CDR,HLU,5.48
CDS,MHM,3.70
CDS,PUR,1.81
CDT,CPW,6.61
CDT,STJ,0.74
CDU,CNM,18.02
CDU,GCR,12.65
CDU,YAE,14.37
CDY,BGS,0.84
CDY,GKC,0.83
CEA,CRF,1.79
CEA,HTW,3.13
CED,LBZ,4.09
CED,TRI,4.44
CEF,DVH,2.30
CEF,WBR,3.81
CEH,NUN,10.75
CEH,WNE,7.54
CEH,WTO,1.50
CEL,ALD,3.01
CEL,GTR,3.84
CES,BTP,1.25
CES,BTR,2.01
CES,WNY,1.18
CET,COL,2.28
CET,HYH,1.03
CEY,SKI,3.06
CEY,SON,3.04
CFB,LAD,0.76
CFB,LSY,1.49
CFD,GLH,1.50
CFD,NOR,3.34
CFD,WDS,4.91
CFF,BUI,1.03
CFF,KGP,0.46
CFH,GRY,2.33
CFH,OCK,2.01
CFL,BIY,0.63
CFL,KEI,2.60
CFN,RDA,0.59
CFN,SML,2.10
CFO,AMR,2.05
CFO,CLW,2.21
CFR,ESL,2.00
CFR,ROM,5.16
CFT,CTF,0.90
CFT,NHD,1.16
CGD,CDR,3.60
CGD,HLC,1.16
CGM,BEV,4.29
CGM,HES,7.38
CGM,HUL,3.96
CGN,EBK,0.73
CGN,GTN,1.60
CGW,CYB,0.68
CGW,HPE,0.63
CHC,GLQ,0.79
CHC,PTK,1.70
CHD,ALF,10.16
CHD,DBY,24.15
CHD,DRO,5.30
CHE,EWE,1.46
CHE,SUO,1.01
CHF,MIK,5.24
CHF,SIE,2.26
CHF,ULL,1.86
CHG,AFK,6.10
CHG,LEN,4.00
CHH,BIG,4.80
CHH,HRH,2.39
CHI,HIP,1.83
CHK,BNI,0.93
CHK,KWB,1.08
CHL,GOM,3.94
CHL,SFR,1.84
CHM,HAP,6.18
CHM,INT,6.20
CHN,BXB,3.19
CHN,TEO,0.91
CHN,WLC,1.23
CHO,APF,6.61
CHO,DID,4.66
CHO,GOR,3.71
CHP,KND,2.39
CHP,WME,1.01
CHR,HNA,3.29
CHR,POK,1.95
CHT,ALM,11.18
CHT,BWK,20.95
CHU,BML,1.56
CHU,HTH,2.26
CHU,SPT,2.34
CHW,LES,1.34
CHW,WCF,0.96
CHX,WAE,0.82
CHY,ASN,1.43
CHY,VIR,2.50
CIL,CRT,2.08
CIL,WYE,4.71
CIM,BHR,1.99
CIM,GTH,3.38
CIR,CMD,1.11
CIR,HHY,0.45
CIT,ESD,0.98
CIT,PET,1.44
CIT,SMY,2.24
CKH,DUM,1.31
CKH,MPK,0.76
CKL,SBS,3.59
CKL,WTH,1.06
CKN,AXM,13.16
CKN,YVJ,8.80
CKS,BUS,0.81
CKS,GFN,1.30
CKT,HKH,1.41
CKT,MPK,0.55
CKY,NBE,2.50
CKY,RCA,2.00
CLA,HSY,3.18
CLA,LRD,3.25
CLC,BRU,3.51
CLC,TAU,27.44
CLC,YVP,11.60
CLD,KCK,1.24
CLD,ORP,1.50
CLE,NCE,1.54
CLG,HYW,1.09
CLG,OXS,1.85
CLH,HLD,13.36
CLH,WHE,3.75
CLI,KSL,3.01
CLI,SLD,2.98
CLJ,BAK,1.45
CLJ,EAD,1.66
CLJ,IMW,1.00
CLJ,QRB,1.26
CLJ,WNT,0.80
CLJ,WSW,1.36
CLK,ELE,0.79
CLK,NBC,0.75
CLL,BEX,0.81
CLL,COB,1.40
CLM,NCT,5.19
CLM,NNG,5.06
CLM,SWD,2.59
CLN,ELR,3.04
CLN,MHS,4.06
CLP,DMK,1.96
CLP,WWR,0.39
CLR,CUW,6.84
CLR,FGW,14.00
CLR,HVF,4.93
CLS,DHM,5.76
CLS,NCL,8.30
CLT,TLS,4.63
CLU,CRS,8.28
CLU,LNK,8.40
CLU,SDM,5.80
CLU,WSH,4.45
CLV,BER,3.25
CLV,HTN,1.74
CLV,LPW,5.46
CLW,CFO,2.21
CLW,RIC,2.19
CLY,EDL,5.74
CLY,HAZ,8.12
CLY,NMC,3.65
CMB,CBG,2.29
CMB,WBC,3.07
CMD,CIR,1.11
CMD,KTW,0.54
CME,FIN,3.58
CME,HND,1.06
CMF,MTB,0.79
CMF,WTS,2.96
CMH,ABA,1.53
CMH,FER,1.35
CML,GLC,5.13
CML,MTV,1.47
CML,RUT,2.23
CMN,FYS,7.11
CMN,WTL,14.08
CMO,CRO,9.66
CMO,CUB,8.50
CMO,FKG,0.96
CMO,LBT,1.45
CMR,RNR,3.06
CMR,WRN,2.11
CMY,GLC,2.24
CMY,PWW,1.08
CNE,NEL,2.04
CNF,BAR,3.76
CNF,LAN,6.09
CNF,SVR,3.75
CNF,WNN,9.74
CNG,KDG,5.63
CNG,MAC,8.08
CNL,COV,1.69
CNL,THL,2.10
CNM,ASC,7.25
CNM,BMV,31.14
CNM,CDU,18.02
CNM,GCR,6.53
CNM,SHU,14.49
CNN,DLJ,1.00
CNN,DLK,0.74
CNN,HHY,0.55
CNO,MDN,6.53
CNO,YET,2.05
CNP,BKP,0.48
CNP,BKQ,0.72
CNR,AUI,8.71
CNR,TYL,5.14
CNR,UTY,4.95
CNS,DON,4.75
CNS,MEX,2.28
CNW,LLJ,1.06
CNW,PMW,4.30
CNY,BUC,2.24
CNY,REE,2.16
COA,ADR,0.88
COA,CBS,0.96
COB,CLL,1.40
COB,NSB,1.70
COE,LSK,2.06
COE,SKN,1.74
COH,BXD,4.71
COH,ERI,3.50
COI,MFL,0.54
COI,QPK,0.44
COL,CET,2.28
COL,HYH,1.96
COL,MKT,5.04
COL,MNG,7.78
COM,CSM,1.59
COM,KLD,4.09
CON,OBN,6.18
CON,TAY,6.69
COO,BNE,1.55
COO,FZP,1.64
COP,MRD,1.64
COP,YEO,2.93
COR,KET,7.50
COR,OKM,17.70
COS,ALB,1.60
COS,SFN,3.16
COT,LDS,2.55
COT,MLY,2.08
COV,CAA,3.00
COV,CNL,1.69
COV,KNW,5.11
COV,RUG,11.46
COW,DFL,4.05
COW,LCG,2.21
COY,WHT,0.41
CPA,BNV,1.06
CPA,LHE,2.86
CPH,ABE,0.61
CPH,LVT,2.50
CPK,BSH,1.29
CPK,HTE,1.39
CPM,BTH,12.94
CPM,MKM,6.21
CPM,SWI,16.66
CPN,BNP,4.29
CPN,UMB,2.38
CPT,HAC,0.99
CPT,SJS,1.74
CPT,TOM,2.05
CPU,BAC,3.73
CPU,HOO,3.16
CPW,CDT,6.61
CPW,LYD,7.95
CPY,BEN,3.31
CPY,GIG,6.64
CRA,LYE,1.25
CRA,OHL,1.43
CRB,HEX,3.11
CRB,RDM,2.30
CRD,ERD,0.76
CRD,WYL,0.78
CRE,ASG,6.31
CRE,CTR,21.10
CRE,NAN,4.48
CRE,SDB,4.60
CRE,STA,24.26
CRE,WSF,7.54
CRF,CEA,1.79
CRF,HLY,0.68
CRG,GRF,2.86
CRG,LDS,4.41
CRH,HRY,0.91
CRH,UHL,0.93
CRI,HEN,1.86
CRI,WHP,1.19
CRK,GOB,3.06
CRK,RUA,4.26
CRL,ADL,3.06
CRL,BSV,2.00
CRM,MAS,9.35
CRM,MPT,6.70
CRN,SND,1.55
CRN,WKM,3.28
CRO,CMO,9.66
CRO,FKK,10.29
CRO,LBT,9.99
CRO,LNZ,5.25
CRR,RAN,7.23
CRR,TUL,10.06
CRS,CLU,8.28
CRS,KKN,17.75
CRS,LOC,47.84
CRT,CBW,3.16
CRT,CIL,2.08
CRV,BME,2.76
CRV,CTT,7.17
CRV,LUD,7.56
CRW,IFI,1.23
CRW,TBD,1.34
CRY,BXY,1.45
CRY,DFD,1.83
CRY,SGR,2.36
CSA,BDH,3.36
CSA,HLS,1.43
CSA,PTC,2.65
CSB,SUO,1.04
CSB,WLT,0.84
CSD,EFF,2.33
CSD,OXS,1.80
CSG,AIG,0.73
CSG,HNX,2.39
CSG,LPY,0.75
CSH,HCB,0.86
CSH,SUO,1.33
CSK,BAS,1.69
CSK,GSL,2.91
CSL,ALB,3.15
CSL,BBK,0.51
CSM,COM,1.59
CSM,DNY,1.45
CSN,CSS,0.60
CSN,TOL,1.24
CSO,PRE,7.28
CSO,RUF,2.55
CSR,FLI,0.66
CSR,URM,0.55
CSS,CSN,0.60
CST,LBG,0.70
CSW,HNB,2.16
CSW,WHI,1.49
CSY,TIP,1.38
CSY,WVH,3.31
CTE,HNC,1.00
CTE,MEY,1.00
CTF,BGM,0.88
CTF,CFT,0.90
CTH,GMY,0.69
CTH,RMF,2.40
CTK,BFR,0.37
CTK,ZFD,0.34
CTL,HMM,1.48
CTL,KNA,6.40
CTM,GLM,1.63
CTM,RTR,0.56
CTN,BKH,1.95
CTN,WCB,0.59
CTN,WWD,1.15
CTO,BUJ,2.04
CTO,NOT,3.14
CTR,BAC,1.44
CTR,CRE,21.10
CTR,HSB,7.43
CTR,MLD,7.25
CTR,SHT,7.84
CTR,WRX,12.08
CTT,CRV,7.17
CTT,SHR,12.78
CTW,ACR,0.84
CTW,RIS,1.63
CUA,ARD,3.13
CUA,INH,0.43
CUB,CMO,8.50
CUB,GRL,0.69
CUB,LBT,8.00
CUD,DLM,2.95
CUD,GBK,2.84
CUF,BAY,3.49
CUF,CWH,1.71
CUH,KKN,4.50
CUH,WTA,1.60
CUM,APF,1.01
CUM,RAD,2.23
CUP,LEU,6.23
CUP,SPF,2.30
CUW,CLR,6.84
CUW,WTL,5.35
CUX,HAI,1.76
CUX,SOO,2.33
CWB,AGL,6.10
CWB,LLJ,4.03
CWC,BUE,3.33
CWC,MKT,3.48
CWD,LAG,2.25
CWD,WWL,1.36
CWE,ALP,3.73
CWE,TNS,6.03
CWH,CUF,1.71
CWH,GDH,1.64
CWL,GMV,2.83
CWL,LED,4.14
CWM,NWP,7.99
CWM,PPL,2.92
CWM,STJ,15.81
CWN,AHS,2.78
CWN,HEV,1.99
CWS,MCN,21.65
CWS,NWT,5.55
CWU,BAT,2.05
CWU,WLD,3.13
CYB,CGW,0.68
CYB,GWE,1.88
CYK,DMR,1.24
CYK,YOK,0.84
CYN,LLV,4.69
CYN,SUG,3.98
CYP,BIK,1.63
CYP,GIP,0.75
CYP,NWD,1.50
CYP,SYD,1.15
CYS,CDQ,0.49
CYS,LLN,2.75
CYT,MLH,0.66
CYT,PLS,1.11
DAG,AUR,2.85
DAG,INK,1.43
DAK,BDG,0.50
DAK,RUT,0.79
DAL,LHA,2.75
DAL,TYL,12.08
DAM,EGY,4.03
DAM,LIN,9.96
DAM,NQU,1.84
DAN,SHF,2.10
DAN,WDH,3.18
DAR,DHM,22.04
DAR,DND,3.81
DAR,NRD,1.28
DAR,NTR,14.18
DAT,SNY,1.20
DAT,WNR,1.80
DBC,DBE,0.56
DBC,DLR,0.38
DBD,PNS,4.06
DBD,SPY,2.20
DBE,BWG,2.59
DBE,DBC,0.56
DBG,DEN,3.85
DBG,ROM,3.71
DBL,BEA,2.11
DBL,GLE,12.36
DBR,TRM,8.10
DBR,WFI,2.56
DBY,CHD,24.15
DBY,DFI,5.21
DBY,PEA,1.38
DBY,SPO,2.53
DCG,PLK,1.16
DCG,STF,3.93
DCH,MTN,5.58
DCH,UPW,4.51
DCT,FRW,0.50
DCT,RDR,1.25
DCW,MDN,7.64
DCW,UPW,4.59
DDG,LPW,2.55
DDG,WMR,1.90
DDK,BKG,3.05
DDK,RNM,2.11
DDP,SAD,1.96
DDP,TIP,0.89
DEA,SDW,4.13
DEA,WAM,1.64
DEE,BYF,3.91
DEE,ING,3.39
DEE,LEU,8.34
DEN,DBG,3.85
DEN,GRT,17.45
DEN,SAL,8.99
DEP,GNW,0.51
DEP,LBG,3.08
DEW,BTL,1.34
DEW,RVN,1.43
DFD,BNH,3.10
DFD,CRY,1.83
DFD,SCG,1.96
DFD,SGR,2.01
DFE,DFL,1.60
DFE,ROS,2.23
DFI,BLP,2.53
DFI,DBY,5.21
DFL,COW,4.05
DFL,DFE,1.60
DFR,BCN,1.39
DFR,WNL,0.92
DGC,DNM,0.85
DGC,GER,1.78
DGL,GTN,2.16
DGL,PEN,0.45
DGT,ECC,3.54
DGT,MCO,0.36
DGT,SFD,1.24
DGT,SLD,1.45
DGT,TRA,3.05
DGY,LLD,1.73
DGY,LLJ,1.25
DHM,CLS,5.76
DHM,DAR,22.04
DHN,BGH,3.25
DHN,HUD,2.00
DHN,MIR,2.69
DID,APF,2.08
DID,CHO,4.66
DID,SWI,24.16
DIG,NCO,1.00
DIG,POL,1.90
DIN,ASS,10.15
DIN,CBD,3.00
DIN,GVE,11.85
DIS,NRW,19.98
DIS,SMK,14.38
DKD,PIT,12.88
DKD,PTH,15.53
DKG,BXW,0.91
DKG,HLM,4.96
DKT,DPD,0.71
DKT,GOM,4.74
DLG,NLR,2.96
DLG,TLC,3.08
DLH,TOK,1.28
DLH,WSE,4.26
DLJ,CNN,1.00
DLJ,HGG,0.40
DLK,CNN,0.74
DLK,HKC,0.75
DLK,LOF,1.57
DLM,CUD,2.95
DLM,MLD,2.90
DLR,CDR,3.15
DLR,DBC,0.38
DLR,RTN,1.66
DLS,CAR,4.04
DLS,WGT,7.50
DLT,ROO,4.29
DLT,ULV,3.21
DLW,BLA,23.48
DLW,NWR,10.19
DLY,GLG,2.74
DLY,KWN,3.48
DMC,DMY,0.88
DMC,WES,1.13
DMF,ANN,15.51
DMF,SQH,26.12
DMG,POR,1.39
DMG,TNP,0.54
DMH,WMN,3.31
DMH,WSB,1.34
DMK,BRX,1.11
DMK,CLP,1.96
DMK,EPH,2.60
DMK,PMR,0.86
DMP,BSR,1.23
DMP,RAM,0.94
DMR,CYK,1.24
DMR,KPT,1.28
DMR,SIN,0.88
DMS,EGR,2.29
DMS,LFD,1.50
DMY,DMC,0.88
DMY,SIN,0.94
DND,DAR,3.81
DND,TEA,1.75
DNG,KCK,4.03
DNG,SEV,1.55
DNL,BRR,9.06
DNL,STT,2.23
DNM,DGC,0.85
DNM,WRU,2.71
DNO,BRA,4.40
DNO,GOL,1.83
DNS,CAD,1.90
DNS,EBK,0.98
DNT,GSD,3.25
DNT,RHD,6.15
DNY,CSM,1.45
DNY,LHM,3.61
DOC,DPT,0.40
DOC,KEY,0.56
DOD,BNY,2.75
DOD,SLK,1.50
DOL,LLT,3.64
DOL,PNY,2.94
DON,BYK,1.63
DON,CNS,4.75
DON,GBL,21.16
DON,KKS,3.56
DON,PFM,16.68
DON,RET,17.35
DON,SBY,18.35
DON,YRK,32.54
DOR,GRN,5.23
DOR,SHF,4.25
DOT,MCE,1.23
DOT,NCL,2.29
DOW,LTP,10.08
DOW,WTG,4.79
DPD,BTO,2.59
DPD,DKT,0.71
DPT,DOC,0.40
DPT,PLY,1.25
DRF,HUT,3.20
DRF,NFN,2.11
DRG,CBP,0.46
DRG,WEA,0.58
DRI,RAV,1.76
DRI,SSC,2.25
DRM,DUN,11.31
DRM,LND,4.53
DRM,NBW,4.38
DRN,KYL,3.88
DRN,PLK,1.45
DRO,CHD,5.30
DRO,GRN,7.55
DRO,SHF,6.95
DRT,BNY,3.39
DRT,WKK,7.58
DRU,ADR,1.50
DRU,CAC,2.51
DSL,MDL,1.46
DSL,NMN,1.66
DSM,HAS,5.19
DSM,SAX,4.33
DST,AXP,0.34
DST,BLG,0.56
DSY,HGF,1.47
DSY,HIN,2.51
DTG,BDB,2.15
DTG,GLO,1.06
DTG,HDF,0.86
DTN,GUI,1.86
DTN,MCV,8.38
DTN,RDS,1.86
DTW,BMV,6.16
DTW,HBY,5.64
DTW,WOF,6.03
DTW,WOS,5.76
DUD,AST,1.39
DUD,BHM,1.45
DUL,CBG,11.36
DUL,NMK,3.15
DUM,CKH,1.31
DUM,GLC,2.45
DUN,BWK,28.40
DUN,DRM,11.31
DUN,RSN,17.37
DUR,GBS,0.91
DUR,WWO,0.80
DVC,HPQ,1.36
DVC,HWC,0.46
DVH,BUX,3.04
DVH,CEF,2.30
DVN,SPT,0.96
DVN,WSR,0.89
DVP,FKC,7.41
DVP,KSN,2.18
DVP,MTM,4.94
DVY,BRH,8.33
DVY,MCN,3.90
DVY,PHG,5.06
DWD,PYP,1.41
DWD,RMB,1.81
DWL,DWW,1.64
DWL,TGM,2.91
DWN,BBN,4.15
DWN,ENT,3.75
DWW,DWL,1.64
DWW,SCS,1.98
DYC,ABD,6.14
DYC,KTR,7.05
DYF,LBR,2.21
DYF,TLB,1.16
DYP,FPK,0.76
DYP,HHY,0.43
DZY,HNL,2.97
DZY,WDE,1.88
EAD,CLJ,1.66
EAD,WIM,1.66
EAG,ALW,0.48
EAG,STK,3.04
EAG,TBY,3.00
EAG,YRM,2.50
EAL,AML,1.44
EAL,WEA,0.81
EAR,RDG,2.84
EAR,WTI,1.08
EBA,LEY,2.75
EBA,WGN,8.36
EBB,EBV,1.00
EBD,AFK,33.55
EBD,GRV,2.06
EBD,SFA,16.47
EBK,CGN,0.73
EBK,DNS,0.98
EBL,BNR,1.94
EBL,SEB,1.78
EBN,HMD,1.99
EBR,GDN,4.89
EBR,PHR,5.00
EBT,HEV,1.76
EBT,HUR,4.34
EBV,EBB,1.00
EBV,LTH,5.00
ECC,DGT,3.54
ECC,PAT,1.16
ECC,SFD,3.21
ECL,PSC,0.88
ECL,THH,0.96
ECP,ABE,1.03
ECP,LNB,1.00
ECR,NWD,1.65
ECR,SCY,0.90
ECR,SRS,1.15
ECS,ATL,3.61
ECS,HRD,3.06
EDB,BSU,3.90
EDB,HYM,1.24
EDB,MUB,5.28
EDB,NEW,4.68
EDG,BGE,1.86
EDG,LIV,1.54
EDG,MSH,2.21
EDG,WAV,0.75
EDL,CLY,5.74
EDL,HOP,4.95
EDN,ELE,1.35
EDN,WWI,0.81
EDP,HYM,3.61
EDP,LIN,12.75
EDP,UHA,7.89
EDR,BHK,1.26
EDR,SBU,1.84
EDR,SLV,0.66
EDW,NDL,0.53
EDW,PMR,0.84
EDY,BNA,0.90
EDY,GTY,1.20
EFF,BKA,1.69
EFF,CSD,2.33
EFF,HSY,1.03
EFL,MDW,1.83
EFL,WTR,2.98
EGF,GRF,0.59
EGF,MIK,1.43
EGG,KGN,3.94
EGG,LAP,3.89
EGH,SNS,2.01
EGH,VIR,2.16
EGN,GBD,2.31
EGN,HOW,3.09
EGR,DMS,2.29
EGT,GLS,1.60
EGT,GMT,1.50
EGY,DAM,4.03
EGY,SGL,0.85
EKB,NEG,1.41
EKB,SFI,2.51
EKL,HMY,1.64
ELD,PUR,8.34
ELD,RDH,0.94
ELD,SAF,1.85
ELE,CLK,0.79
ELE,EDN,1.35
ELG,FOR,12.23
ELG,KEH,18.18
ELO,ALK,1.83
ELO,BTF,2.60
ELP,OVE,1.18
ELP,SNT,2.50
ELR,CLN,3.04
ELR,WOM,1.58
ELS,MIL,3.09
ELS,RDT,2.81
ELW,FCN,1.31
ELW,KDB,1.09
ELY,LTP,5.65
ELY,MNE,9.83
ELY,SOJ,4.93
ELY,SPP,6.89
ELY,WBC,9.35
EMD,ATB,5.16
EMD,LBO,5.00
EMD,LGE,3.85
EMD,LGM,13.15
EML,BMG,1.74
EML,WMA,1.06
EMP,RMF,1.79
EMP,UPM,1.53
EMS,SOB,1.43
EMS,WBL,1.20
ENC,GDH,0.75
ENC,GPK,0.68
ENF,BHK,0.78
ENL,BMD,1.06
ENL,WLC,0.98
ENT,BMC,3.02
ENT,DWN,3.75
EPD,BAD,1.46
EPH,BFR,1.21
EPH,DMK,2.60
EPH,LGJ,2.01
EPS,AHD,2.03
EPS,EWE,1.54
EPS,EWW,1.24
ERA,BOM,0.50
ERA,HOO,0.93
ERD,CRD,0.76
ERD,GVH,0.96
ERH,BVD,1.23
ERH,SGR,1.14
ERI,AHS,3.56
ERI,COH,3.50
ERL,NLW,1.51
ERL,SHJ,2.84
ERL,WBQ,4.98
ESD,CIT,0.98
ESD,GRP,1.29
ESH,HER,1.53
ESH,SUR,2.35
ESL,CFR,2.00
ESL,HDE,3.51
ESL,SHW,3.83
ESL,SOA,1.39
ESM,NWE,4.35
ESM,SSD,4.33
ESM,SST,2.20
EST,BAI,2.56
EST,GAR,1.00
ESW,SMK,5.90
ESW,TRS,4.49
ETC,RBR,2.15
ETC,SOG,3.61
ETL,SFO,2.14
ETL,TBR,3.11
ETL,TIL,3.49
EUS,SOH,2.39
EVE,HYB,4.98
EVE,PSH,5.96
EWD,TLK,0.81
EWD,WYT,1.08
EWE,CHE,1.46
EWE,EPS,1.54
EWR,LAC,1.44
EWR,WRH,0.90
EWW,EPS,1.24
EWW,SNL,1.04
EXC,EXD,0.78
EXC,SJP,0.48
EXD,EXC,0.78
EXD,EXT,0.93
EXD,NTC,4.24
EXD,TVP,16.50
EXG,AND,0.51
EXG,PTK,1.24
EXM,LYM,2.03
EXN,LYC,0.41
EXN,TOP,1.51
EXR,HHY,0.49
EXR,OLD,1.19
EXT,EXD,0.93
EXT,MBT,1.35
EYN,SAY,3.01
EYN,SEH,2.26
FAL,FMT,0.50
FAV,SEG,3.26
FAV,TEY,4.54
FAV,WHI,7.11
FAZ,KIR,1.69
FAZ,RIL,1.56
FBY,FRE,0.81
FBY,HTO,2.11
FCN,ELW,1.31
FCN,WLI,1.03
FEA,POT,1.91
FEA,SHC,1.75
FEL,AFS,2.69
FEL,HOU,2.40
FEL,WTN,2.30
FEN,BLY,1.06
FEN,BWB,1.00
FER,CMH,1.35
FER,MTA,0.96
FFA,LLI,4.19
FFA,LLL,0.85
FFD,AVF,0.91
FFD,BTH,7.20
FGH,FGW,1.46
FGT,IFI,2.54
FGT,LVN,2.28
FGW,CLR,14.00
FGW,FGH,1.46
FIL,HUB,2.71
FIL,SEM,6.51
FIN,CBY,1.63
FIN,CME,3.58
FIT,BPW,1.43
FIT,PWY,1.38
FIT,SRD,2.93
FKC,DVP,7.41
FKC,FKW,0.64
FKG,CMO,0.96
FKG,PMT,3.25
FKK,CRO,10.29
FKK,PMT,3.21
FKW,FKC,0.64
FKW,SDG,3.83
FLD,BRC,2.13
FLD,SHS,3.50
FLE,FNB,3.28
FLE,WNF,3.36
FLF,GUI,1.85
FLF,NWN,0.86
FLI,CSR,0.66
FLI,IRL,2.18
FLM,MRY,2.01
FLM,WKG,3.65
FLN,PRT,13.95
FLN,SHT,4.63
FLT,BDM,9.63
FLT,HLN,2.96
FLW,HMP,1.66
FLW,STW,0.45
FLW,TED,1.21
FLX,TRM,1.51
FML,AHV,3.21
FML,CAM,2.23
FMR,LWS,4.46
FMR,MCB,1.75
FMT,FAL,0.50
FMT,PNM,0.95
FNB,BKO,5.21
FNB,FLE,3.28
FNC,GLD,3.21
FNC,GOD,0.95
FNH,AHT,3.06
FNH,BTY,3.91
FNN,BAW,2.53
FNN,NCM,1.99
FNR,LGF,2.86
FNR,SAY,3.14
FNT,HON,4.25
FNT,WHM,4.11
FNV,NMN,1.03
FNV,WBR,1.33
FNW,KSL,0.66
FNW,MSS,0.99
FNY,HDH,0.88
FNY,WHD,0.41
FOC,LHA,5.50
FOC,TAY,3.49
FOD,ANG,4.15
FOD,ARU,2.28
FOD,BAA,2.68
FOD,LIT,2.02
FOG,MNP,0.96
FOG,MYL,0.79
FOG,WGR,0.99
FOH,HPA,0.88
FOH,SYD,0.76
FOK,BUL,1.08
FOK,SUT,1.35
FOR,ELG,12.23
FOR,NRN,9.58
FOX,GNR,2.05
FOX,KBF,2.20
FPK,DYP,0.76
FPK,HGY,0.89
FPK,KGX,2.51
FPK,STP,2.78
FRB,LLW,2.66
FRB,MFA,1.10
FRD,HSB,2.53
FRD,RUE,3.23
FRD,RUN,4.01
FRE,ANS,2.86
FRE,FBY,0.81
FRF,GTO,1.08
FRF,GUI,1.25
FRI,KBX,1.24
FRI,WON,1.30
FRL,LAR,3.08
FRL,WKB,3.89
FRM,BOE,5.35
FRM,PTC,3.19
FRM,SNW,3.73
FRN,IGD,9.29
FRN,TAI,3.54
FRO,BRU,10.61
FRO,WSB,5.75
FRS,ABC,8.09
FRS,KBC,7.61
FRT,TBW,2.26
FRT,WAD,2.64
FRW,DCT,0.50
FRW,WNG,0.50
FRY,BUH,2.95
FRY,HES,2.71
FSB,BOH,1.39
FSB,CCH,1.53
FSG,PLD,0.68
FSG,SWK,0.79
FSK,BSB,1.83
FSK,ROL,0.61
FST,LHS,1.73
FTM,GKW,1.38
FTM,GRK,1.23
FTN,HLS,2.30
FTN,PMS,0.81
FTW,BNV,2.24
FTW,SBR,8.76
FWY,BHM,0.91
FWY,UNI,1.48
FXN,CBG,6.98
FXN,STH,1.13
FYS,CMN,7.11
FYS,KWL,4.30
FYS,WTL,20.34
FZH,BDQ,1.72
FZH,SHY,0.98
FZP,COO,1.64
FZP,MAI,1.28
FZW,MRP,3.76
FZW,SES,4.44
FZW,SNA,4.87
GAL,SOI,6.71
GAL,TWB,2.15
GAR,EST,1.00
GAR,SLS,1.13
GBD,BMF,1.50
GBD,EGN,2.31
GBD,SAM,3.73
GBG,NEG,2.24
GBG,SOI,14.60
GBK,CUD,2.84
GBK,NWI,1.75
GBL,DON,21.16
GBL,RET,9.43
GBL,SXY,9.48
GBS,ANG,2.46
GBS,DUR,0.91
GCH,ART,10.61
GCH,HLU,6.85
GCR,CDU,12.65
GCR,CNM,6.53
GCR,LYD,19.40
GCR,SHU,9.14
GCT,GMB,1.99
GCT,HLI,1.31
GCW,LLJ,1.88
GCW,TLC,3.69
GDH,CWH,1.64
GDH,ENC,0.75
GDL,HTY,0.68
GDL,NWN,0.71
GDN,EBR,4.89
GDN,NUF,3.58
GDP,HRO,1.48
GDP,RMF,1.14
GEA,ANN,8.10
GEA,CAR,8.53
GER,DGC,1.78
GER,SRG,2.70
GFD,SGN,0.86
GFF,BGD,0.61
GFF,PGM,1.05
GFN,CKS,1.30
GFN,THB,0.90
GGJ,SCT,4.23
GGJ,THS,6.63
GGJ,WCK,14.20
GGV,HLD,6.11
GGV,SKI,3.68
GIG,CPY,6.64
GIG,LPR,3.83
GIL,TIS,9.08
GIL,TMC,6.83
GIP,CYP,0.75
GIP,WNW,0.93
GIR,BRL,12.25
GIR,MAY,12.36
GKC,CDY,0.83
GKC,GKW,0.65
GKW,FTM,1.38
GKW,GKC,0.65
GLC,AGS,0.38
GLC,AND,0.41
GLC,CBL,5.04
GLC,CDO,3.78
GLC,CML,5.13
GLC,CMY,2.24
GLC,DUM,2.45
GLC,PLE,1.85
GLC,PLW,2.23
GLC,RUT,3.15
GLD,FNC,3.21
GLD,LRD,1.30
GLD,SFR,1.93
GLD,WAN,4.20
GLD,WPL,3.56
GLE,DBL,12.36
GLE,PTH,15.69
GLF,LCL,9.18
GLF,LCS,6.68
GLG,DLY,2.74
GLG,LHW,3.98
GLH,CFD,1.50
GLH,PFM,1.75
GLM,CTM,1.63
GLM,RAI,3.05
GLO,DTG,1.06
GLO,HDF,1.83
GLQ,ASF,2.30
GLQ,BBG,3.24
GLQ,CHC,0.79
GLQ,HST,0.44
GLQ,SPR,1.87
GLS,EGT,1.60
GLS,LHM,2.09
GLT,CDD,3.50
GLT,KDY,7.00
GLT,MNC,5.10
GLY,BRK,4.46
GLY,LWS,3.06
GLZ,BWD,2.84
GLZ,IRL,1.20
GMB,GCT,1.99
GMB,GMD,0.91
GMD,GMB,0.91
GMD,NCE,0.83
GMG,MEW,0.75
GMG,TDU,4.22
GMN,AMR,5.18
GMN,WND,4.49
GMT,EGT,1.50
GMT,SLH,3.31
GMV,CWL,2.83
GMV,MVL,1.14
GMY,CTH,0.69
GMY,SVK,0.73
GNB,KTL,10.28
GNB,RET,10.13
GNF,MSL,2.43
GNF,MSN,6.08
GNH,SCG,0.76
GNH,SWM,1.33
GNL,BKC,0.44
GNL,RFY,0.75
GNR,FOX,2.05
GNR,MLM,2.54
GNT,NWA,3.90
GNT,RNR,3.75
GNW,DEP,0.51
GNW,MZH,0.89
GOB,CRK,3.06
GOB,SHR,17.88
GOD,FNC,0.95
GOD,MLF,1.79
GOE,BTD,0.76
GOE,THC,1.02
GOF,BYL,1.04
GOF,CAN,0.56
GOL,DNO,1.83
GOL,ROG,7.36
GOM,CHL,3.94
GOM,DKT,4.74
GOO,RWC,3.88
GOO,SAM,2.99
GOO,TNN,7.39
GOR,CHO,3.71
GOR,PAN,3.21
GOS,ARN,3.20
GOS,KBK,2.20
GOX,NHL,2.20
GOX,TNA,1.64
GPK,ENC,0.68
GPK,WIH,0.65
GPO,HDH,0.60
GPO,KTW,0.64
GPO,UHL,1.16
GRA,ANC,9.19
GRA,BTF,7.38
GRA,NNG,14.63
GRA,PBO,29.08
GRB,ALR,3.04
GRB,WEE,2.13
GRC,AUD,4.01
GRC,WLF,3.31
GRF,CRG,2.86
GRF,EGF,0.59
GRH,GRL,5.16
GRH,SPS,2.41
GRK,FTM,1.23
GRL,CBC,5.45
GRL,CUB,0.69
GRL,GRH,5.16
GRN,DOR,5.23
GRN,DRO,7.55
GRN,HSG,1.69
GRP,ESD,1.29
GRP,HGR,1.79
GRP,LEE,1.56
GRP,SUP,1.18
GRS,SCH,0.48
GRS,YOK,0.98
GRT,ADV,6.38
GRT,DEN,17.45
GRT,SAL,10.96
GRV,EBD,2.06
GRV,HGM,4.59
GRV,NFL,2.08
GRY,CFH,2.33
GRY,OCK,4.43
GRY,PFL,3.84
GRY,TIL,1.73
GSC,PPK,0.82
GSC,SUM,0.40
GSD,DNT,3.25
GSD,KSW,8.25
GSL,CSK,2.91
GSN,BWO,1.63
GSN,WFN,0.86
GST,APB,1.80
GST,WGW,2.48
GSW,BYN,1.30
GSW,SNH,3.66
GSY,BLD,3.20
GSY,LDS,10.14
GSY,MNN,1.44
GTA,BTT,2.60
GTA,NNT,3.86
GTH,CIM,3.38
GTH,LLM,1.73
GTN,CDF,1.11
GTN,CGN,1.60
GTN,DGL,2.16
GTO,ABY,1.11
GTO,FRF,1.08
GTR,CEL,3.84
GTR,HCH,1.95
GTW,HOR,0.85
GTW,TBD,2.69
GTY,EDY,1.20
GTY,HDG,1.65
GUI,DTN,1.86
GUI,FLF,1.85
GUI,FRF,1.25
GUI,HYT,1.79
GUI,SYB,2.10
GUN,KWG,1.06
GUN,SAT,0.70
GVE,DIN,11.85
GVE,LCC,5.44
GVH,AST,1.09
GVH,ERD,0.96
GWE,CYB,1.88
GWE,WRX,1.60
GWN,LLE,5.64
GWN,NTH,11.50
GWN,SWA,5.14
GYM,ACL,7.91
GYM,BYA,4.69
GYP,MTO,1.04
GYP,NNT,0.58
HAB,BTB,6.44
HAB,SLL,3.79
HAB,ULC,1.70
HAC,CPT,0.99
HAC,LOF,0.55
HAC,REC,0.83
HAD,REE,4.04
HAD,SYT,1.81
HAF,HXX,1.80
HAG,BKD,1.73
HAG,SBJ,1.95
HAI,CUX,1.76
HAI,SDA,1.53
HAL,ALT,0.61
HAL,ASY,1.65
HAM,HOL,2.80
HAM,POO,2.19
HAN,STL,1.73
HAN,WEA,0.84
HAP,CHM,6.18
HAP,WTM,2.65
HAS,BRP,4.01
HAS,DSM,5.19
HAT,WGC,2.64
HAT,WMG,2.23
HAV,BDH,0.66
HAV,RLN,3.21
HAV,WBL,0.69
HAY,HXX,3.71
HAY,STL,1.81
HAY,WDT,2.33
HAZ,CLY,8.12
HAZ,MDL,2.38
HAZ,WSR,0.90
HBB,BSN,3.63
HBB,SWE,3.26
HBD,BYM,12.89
HBD,MYT,1.23
HBD,TOD,4.51
HBN,BSD,2.29
HBN,HRM,2.43
HBP,HGT,0.89
HBP,PNL,2.36
HBY,DTW,5.64
HBY,KID,3.61
HCB,CSH,0.86
HCB,MIJ,1.14
HCH,GTR,1.95
HCH,SDB,3.83
HCN,PLC,5.19
HCN,SPU,3.38
HCT,ACR,1.70
HCT,HPN,1.41
HDB,BLL,3.98
HDB,HEX,7.58
HDE,BOE,1.95
HDE,ESL,3.51
HDF,DTG,0.86
HDF,GLO,1.83
HDG,GTY,1.65
HDG,MIA,1.94
HDG,SYA,1.50
HDH,FNY,0.88
HDH,GPO,0.60
HDL,HRW,1.18
HDL,HTE,0.74
HDM,BCS,12.96
HDM,BIT,12.97
HDM,PRR,5.75
HDN,SBP,0.98
HDN,WIJ,0.63
HDW,NBA,1.43
HDW,PBR,2.14
HDY,BUY,0.78
HDY,HRS,2.63
HEC,SLR,5.05
HEC,SWE,4.60
HED,HGN,2.38
HED,HNX,1.06
HEI,NAY,1.29
HEI,NRD,4.48
HEL,SNI,3.64
HEL,WBD,1.83
HEN,CRI,1.86
HEN,MIL,2.38
HER,ESH,1.53
HER,WAL,1.16
HES,CGM,7.38
HES,FRY,2.71
HES,HUL,4.80
HEV,CWN,1.99
HEV,EBT,1.76
HEW,BNR,3.74
HEW,NCL,2.98
HEX,CRB,3.11
HEX,HDB,7.58
HFD,AGV,23.99
HFD,LED,13.81
HFD,LEO,12.29
HFE,WAR,2.01
HFN,BAY,2.90
HFN,WAS,4.43
HFS,KKS,3.30
HFS,TNN,2.86
HFS,TNS,3.01
HFX,BGH,5.25
HFX,LMR,5.14
HFX,SOW,3.65
HGD,BDW,4.78
HGD,KIT,3.11
HGF,ATN,0.22
HGF,DSY,1.47
HGG,DLJ,0.40
HGG,HOX,0.51
HGM,GRV,4.59
HGM,SOO,2.61
HGN,HED,2.38
HGN,WID,1.74
HGR,GRP,1.79
HGR,LEE,0.63
HGR,LEW,1.26
HGR,SAJ,1.60
HGS,ORE,0.90
HGS,SLQ,0.73
HGT,HBP,0.89
HGT,SBE,2.14
HGY,FPK,0.89
HGY,HRN,0.65
HHB,MCM,2.00
HHD,VAL,3.09
HHE,BAB,3.94
HHE,WVF,2.91
HHL,CDQ,2.55
HHL,LLS,1.10
HHY,CIR,0.45
HHY,CNN,0.55
HHY,DYP,0.43
HHY,EXR,0.49
HIA,BHI,1.94
HIA,BKW,3.28
HIB,TBW,1.53
HIB,TON,3.35
HID,BMC,1.36
HID,BON,1.67
HIG,BWT,6.28
HIG,WOR,10.76
HIG,WSM,8.91
HIL,ANS,1.49
HIL,BDL,1.01
HIN,DSY,2.51
HIN,INC,1.66
HIN,WHG,2.49
HIP,CHI,1.83
HIP,WST,1.58
HIR,RHD,5.00
HIR,SET,6.04
HIT,ARL,4.99
HIT,LET,3.01
HIT,SVG,4.34
HKC,DLK,0.75
HKC,HMN,0.66
HKH,CKT,1.41
HKH,PCN,1.25
HKM,LCN,4.19
HKM,SWD,4.81
HKN,BLW,2.75
HKN,NSD,2.25
HKW,HMN,0.85
HKW,SRA,0.95
HLB,SEV,4.91
HLB,TON,2.50
HLC,CGD,1.16
HLD,CLH,13.36
HLD,GGV,6.11
HLD,LPR,1.33
HLE,CDO,0.64
HLE,HLW,0.59
HLF,BRN,0.56
HLF,MLN,1.61
HLG,SRI,0.56
HLG,YRD,1.33
HLI,GCT,1.31
HLI,SLL,1.01
HLL,CDQ,2.48
HLL,TGS,0.50
HLM,DKG,4.96
HLM,OLY,2.18
HLN,FLT,2.96
HLN,LEA,4.51
HLR,BLN,0.78
HLR,HTO,1.93
HLS,BDH,3.36
HLS,CSA,1.43
HLS,FTN,2.30
HLU,CDR,5.48
HLU,GCH,6.85
HLW,HLE,0.59
HLW,PYG,2.23
HLY,BLH,2.06
HLY,CRF,0.68
HLY,MTH,2.66
HMC,THD,0.94
HMD,EBN,1.99
HMD,PEV,3.08
HMD,PLG,2.23
HME,BUO,1.39
HME,NTL,0.68
HML,APS,1.41
HML,BKM,3.23
HMM,CTL,1.48
HMM,POP,5.86
HMN,HKC,0.66
HMN,HKW,0.85
HMP,FLW,1.66
HMP,KMP,1.76
HMP,SUU,2.21
HMS,BRA,10.90
HMS,KIL,9.56
HMT,AFK,5.53
HMT,APD,2.99
HMW,KNG,0.44
HMW,TED,1.13
HMY,EKL,1.64
HMY,THT,1.50
HNA,CHR,3.29
HNA,NWM,2.51
HNB,BCH,7.98
HNB,CSW,2.16
HNC,AIR,2.27
HNC,CTE,1.00
HNC,HNW,0.89
HND,CME,1.06
HND,OXF,6.98
HNF,CAO,1.86
HNF,RGT,4.16
HNG,PGM,1.71
HNG,YSM,0.91
HNH,BRX,0.51
HNH,LGJ,0.88
HNH,TUH,1.08
HNH,WDU,1.35
HNK,NBR,7.93
HNK,NUN,3.78
HNL,DZY,2.97
HNL,WWW,1.80
HNT,INS,13.25
HNT,KEH,12.40
HNW,BLT,1.79
HNW,HNC,0.89
HNX,CSG,2.39
HNX,HED,1.06
HNX,LPY,1.75
HNX,WSA,2.58
HOC,RFD,2.53
HOC,RLG,3.04
HOH,MYB,9.14
HOH,RIC,7.97
HOK,BSK,5.61
HOK,WNF,2.34
HOL,HAM,2.80
HOL,WRM,2.11
HON,AXM,10.19
HON,FNT,4.25
HOO,CPU,3.16
HOO,ERA,0.93
HOO,LTT,1.95
HOP,BAM,1.93
HOP,EDL,4.95
HOR,GTW,0.85
HOR,SAF,2.26
HOT,SHI,1.86
HOU,FEL,2.40
HOU,ISL,1.36
HOU,WTN,1.53
HOV,AGT,0.48
HOV,BTN,1.45
HOV,PRP,1.44
HOW,EGN,3.09
HOW,WRS,2.64
HOX,HGG,0.51
HOX,SDC,0.73
HOY,BBW,1.08
HOY,BHS,0.91
HOZ,LHW,4.50
HOZ,MIN,1.50
HPA,BCY,1.04
HPA,FOH,0.88
HPD,LTN,4.60
HPD,SAC,4.75
HPE,CGW,0.63
HPE,PNF,1.96
HPL,HRE,7.18
HPL,SEC,2.19
HPN,HCT,1.41
HPN,RSG,1.48
HPQ,DVC,1.36
HPQ,WRB,3.80
HPT,BME,2.54
HPT,BUK,2.94
HRD,ECS,3.06
HRD,TTF,7.80
HRE,HPL,7.18
HRE,SEA,5.75
HRH,CHH,2.39
HRH,LVN,1.08
HRH,WNH,2.06
HRL,LDN,1.94
HRL,TYG,2.53
HRM,HBN,2.43
HRM,LEN,1.69
HRN,AAP,0.93
HRN,HGY,0.65
HRO,BRE,3.20
HRO,GDP,1.48
HRR,PRN,3.26
HRR,WKG,1.89
HRS,HDY,2.63
HRS,WET,6.01
HRW,HDL,1.18
HRW,KNT,1.09
HRY,CRH,0.91
HRY,STO,1.14
HSB,CTR,7.43
HSB,FRD,2.53
HSB,INE,1.94
HSC,BCB,1.51
HSC,PBL,1.49
HSD,BHM,5.59
HSD,PRY,1.53
HSD,TAB,2.65
HSG,BAM,1.65
HSG,GRN,1.69
HSK,BUG,2.06
HSK,PRP,5.73
HSL,LIP,3.84
HSL,WTY,4.55
HST,BLG,0.56
HST,GLQ,0.44
HSW,NES,2.59
HSW,UPT,4.26
HSY,CLA,3.18
HSY,EFF,1.03
HTC,LVM,1.43
HTC,SPT,1.56
HTE,CPK,1.39
HTE,HDL,0.74
HTF,ACB,2.67
HTF,WSF,4.29
HTH,CHU,2.26
HTH,WML,1.54
HTN,CLV,1.74
HTN,LPW,4.10
HTN,WRP,2.88
HTN,WRW,4.19
HTO,FBY,2.11
HTO,HLR,1.93
HTW,CEA,3.13
HTW,SHS,1.60
HTY,BDB,1.03
HTY,GDL,0.68
HUB,BEM,7.13
HUB,FIL,2.71
HUD,DHN,2.00
HUD,LCK,1.23
HUD,SWT,4.44
HUL,CGM,3.96
HUL,HES,4.80
HUN,PBO,17.49
HUN,SNO,7.15
HUP,TRA,0.83
HUP,URM,1.19
HUR,EBT,4.34
HUR,LFD,5.04
HUR,OXT,0.95
HUT,ARR,5.06
HUT,DRF,3.20
HUY,PSC,1.98
HUY,ROB,0.46
HUY,WHN,1.96
HVF,CLR,4.93
HVF,JOH,4.85
HVN,SKG,3.06
HVN,WFL,1.78
HWB,NES,5.46
HWB,SHT,0.50
HWC,DVC,0.46
HWD,BCK,2.09
HWD,SHT,2.25
HWH,BLL,4.76
HWH,BMP,12.10
HWI,BLK,1.55
HWI,LOT,1.97
HWM,HWN,1.76
HWM,SAW,2.21
HWN,HWM,1.76
HWN,RYN,2.59
HWV,HXX,1.70
HWW,BWO,0.83
HWW,PKT,0.75
HWY,BCF,4.86
HWY,SDR,4.98
HXM,SAH,2.83
HXM,WRT,4.28
HXX,HAF,1.80
HXX,HAY,3.71
HXX,HWV,1.70
HYB,EVE,4.98
HYB,MIM,10.01
HYC,HYT,0.93
HYC,WLY,1.60
HYD,KGS,7.54
HYD,TAC,2.64
HYH,CET,1.03
HYH,COL,1.96
HYH,WIV,2.41
HYK,MNR,0.46
HYK,WKI,1.23
HYL,CBN,5.89
HYL,SER,1.59
HYM,EDB,1.24
HYM,EDP,3.61
HYM,LIN,16.36
HYM,SGL,3.25
HYM,SLA,1.74
HYM,UHA,11.25
HYN,ANL,0.94
HYN,JOR,0.49
HYN,PTK,0.70
HYR,TOO,1.28
HYR,WIM,0.83
HYS,WWI,1.16
HYT,GUI,1.79
HYT,HYC,0.93
HYW,CLG,1.09
HYW,SUR,2.09
IBM,BCN,1.18
IBM,INP,2.50
IFD,MNP,1.11
IFD,SVK,1.21
IFI,CRW,1.23
IFI,FGT,2.54
IGD,ASS,2.59
IGD,FRN,9.29
ILK,BEY,0.96
ILN,LGM,3.20
ILN,NOT,8.70
IMW,CLJ,1.00
IMW,WBP,0.91
INC,HIN,1.66
INC,WGN,1.01
INC,WGW,1.01
INE,HSB,1.94
INE,SNT,0.78
ING,DEE,3.39
ING,PTH,17.17
INH,CUA,0.43
INH,LRG,5.55
INK,DAG,1.43
INK,NQU,1.88
INK,ROS,1.50
INP,IBM,2.50
INP,WMS,2.26
INR,INS,10.60
INR,KTR,3.80
INS,HNT,13.25
INS,INR,10.60
INT,CHM,6.20
INT,SNF,3.38
INV,BEL,10.10
INV,CAG,28.04
INV,NRN,15.14
IPS,MIS,10.48
IPS,MNG,9.30
IPS,NMT,8.34
IPS,WFI,3.53
IRL,FLI,2.18
IRL,GLZ,1.20
IRV,BSS,3.65
IRV,KWN,3.35
ISL,HOU,1.36
ISL,SYL,0.73
ISP,BIT,5.94
ISP,OXP,3.54
IVR,LNY,1.48
IVR,WDT,1.54
IVY,PLY,11.75
IVY,TOT,11.50
JCH,MBR,2.49
JCH,MTO,0.50
JEQ,BSW,0.75
JEQ,THW,2.25
JHN,MIN,0.75
JHN,PYG,3.53
JOH,HVF,4.85
JOH,MFH,3.99
JOR,HYN,0.49
JOR,SCH,1.10
KBC,FRS,7.61
KBC,KIL,7.19
KBF,ASK,3.26
KBF,FOX,2.20
KBK,CAK,2.01
KBK,GOS,2.20
KBN,QPW,0.69
KBN,SOH,0.58
KBW,SVG,2.55
KBW,WLW,3.04
KBX,FRI,1.24
KBX,TLS,2.58
KCK,CLD,1.24
KCK,DNG,4.03
KDB,BKH,0.99
KDB,ELW,1.09
KDG,ASG,2.34
KDG,CNG,5.63
KDG,LPT,3.46
KDY,GLT,7.00
KDY,KGH,3.14
KDY,MNC,7.38
KEH,ELG,18.18
KEH,HNT,12.40
KEI,CFL,2.60
KEI,SON,3.09
KEL,MKT,4.39
KEL,WTM,3.66
KEM,STD,11.18
KEM,SWI,13.70
KEN,BUD,1.75
KEN,OXN,2.35
KET,COR,7.50
KET,MHR,11.15
KET,WEL,6.75
KEY,DOC,0.56
KEY,SBF,0.88
KEY,SBV,0.94
KGE,SLA,0.88
KGE,WTA,1.09
KGH,BTS,2.61
KGH,KDY,3.14
KGL,APS,2.14
KGL,WFJ,3.51
KGM,MIM,6.96
KGM,SIP,3.00
KGN,EGG,3.94
KGN,PMA,2.84
KGP,CFF,0.46
KGP,LGS,1.49
KGP,MFL,1.20
KGS,BAN,1.40
KGS,BCS,12.44
KGS,HYD,7.54
KGT,NAR,5.68
KGT,SDF,0.74
KGX,FPK,2.51
KID,BKD,3.13
KID,HBY,3.61
KIL,HMS,9.56
KIL,KBC,7.19
KIN,AVM,11.99
KIN,NWR,2.76
KIR,FAZ,1.69
KIR,RNF,5.05
KIT,HGD,3.11
KIT,NBY,5.40
KIV,KVP,1.23
KIV,WDH,4.19
KKB,NSD,2.60
KKB,SPK,1.10
KKD,RIL,1.41
KKD,SDL,0.86
KKD,WAO,1.29
KKH,BUI,1.35
KKH,NTN,1.48
KKM,MOS,3.18
KKM,PFY,6.41
KKM,SLW,2.59
KKN,CRS,17.75
KKN,CUH,4.50
KKN,LVG,2.95
KKS,DON,3.56
KKS,HFS,3.30
KLD,BTT,1.76
KLD,COM,4.09
KLF,APY,3.50
KLF,LDS,4.13
KLM,KMK,2.24
KLM,STT,3.25
KLN,WTG,6.04
KLY,PUR,1.20
KLY,WHY,1.36
KMH,BSJ,3.09
KMH,SWR,1.73
KMK,AUK,13.75
KMK,KLM,2.24
KMK,TRN,8.98
KML,NGT,3.70
KML,SIT,1.90
KML,SWL,1.96
KMP,HMP,1.76
KMP,SUU,0.45
KMS,BRG,2.63
KMS,OTF,2.91
KNA,CTL,6.40
KNA,SBE,1.71
KND,CHP,2.39
KND,TAD,1.33
KNE,BSE,9.69
KNE,NMK,5.06
KNE,SOJ,9.85
KNF,MOB,2.60
KNF,PLM,2.71
KNG,HMW,0.44
KNG,NBT,0.81
KNI,BUK,4.24
KNI,KNU,2.58
KNL,QPW,0.83
KNL,WIJ,0.94
KNN,BHM,7.18
KNN,BRV,1.05
KNN,NFD,1.40
KNN,WTO,11.99
KNO,PFM,1.95
KNO,WBD,4.35
KNR,BSP,0.60
KNR,WIJ,0.98
KNS,PTL,0.67
KNS,PWW,1.05
KNT,HRW,1.09
KNT,SOK,0.86
KNU,KNI,2.58
KNU,LGO,3.85
KNW,COV,5.11
KNW,LMS,4.54
KPA,AML,3.74
KPA,BRX,5.41
KPA,SPB,1.25
KPA,WBP,1.00
KPA,WIJ,2.75
KPA,WMB,5.49
KPT,BWG,1.74
KPT,DMR,1.28
KRK,NCK,7.36
KRK,SQH,3.23
KSL,CLI,3.01
KSL,FNW,0.66
KSN,DVP,2.18
KSN,SPH,3.36
KSW,APP,10.68
KSW,GSD,8.25
KTH,BKJ,0.83
KTH,PNE,0.63
KTL,BGG,6.21
KTL,GNB,10.28
KTN,STP,1.54
KTN,WHP,2.48
KTR,DYC,7.05
KTR,INR,3.80
KTW,CMD,0.54
KTW,GPO,0.64
KVD,ANL,1.00
KVD,MYH,1.00
KVP,KIV,1.23
KVP,SRO,3.21
KWB,BFD,0.99
KWB,CHK,1.08
KWD,BGI,0.86
KWD,WFF,1.11
KWG,GUN,1.06
KWG,RMD,1.34
KWL,FYS,4.30
KWL,PBY,5.41
KWN,DLY,3.48
KWN,IRV,3.35
KWN,STV,2.31
KYL,DRN,3.88
KYN,BRI,4.60
KYN,OLF,5.89
LAC,EWR,1.44
LAC,SSE,2.40
LAD,CFB,0.76
LAD,LEW,0.73
LAD,SAJ,1.03
LAG,CWD,2.25
LAG,SHB,2.10
LAI,BSO,1.50
LAI,WHR,3.66
LAK,BND,3.85
LAK,SPP,5.29
LAM,MRB,3.51
LAM,PMB,1.51
LAN,BAR,2.59
LAN,CNF,6.09
LAN,OXN,19.09
LAN,PRE,21.04
LAP,EGG,3.89
LAP,MRD,2.34
LAR,FRL,3.08
LAS,SKE,1.75
LAS,SWA,3.99
LAU,MTS,10.00
LAU,STN,14.44
LAW,BWN,2.14
LAW,CAO,2.05
LAY,BPN,1.34
LAY,PFY,1.95
LBG,BFR,1.13
LBG,CST,0.70
LBG,DEP,3.08
LBG,NWX,2.99
LBG,NXG,2.83
LBG,SBM,1.80
LBG,WAE,1.35
LBK,NMP,9.65
LBK,RUG,9.40
LBO,ALF,24.48
LBO,ATB,10.16
LBO,BWS,3.08
LBO,EMD,5.00
LBO,LGE,8.85
LBO,LGM,18.15
LBR,DYF,2.21
LBR,PES,0.74
LBT,CMO,1.45
LBT,CRO,9.99
LBT,CUB,8.00
LBT,STG,8.09
LBZ,BLY,6.46
LBZ,CED,4.09
LCC,AAT,4.18
LCC,GVE,5.44
LCG,CDD,2.18
LCG,COW,2.21
LCK,BBW,1.07
LCK,HUD,1.23
LCL,BSL,4.78
LCL,GLF,9.18
LCN,HKM,4.19
LCN,MGM,9.50
LCN,MKR,14.75
LCN,SXY,6.14
LCS,GLF,6.68
LCS,LHE,3.75
LDN,HRL,1.94
LDN,PES,0.64
LDS,BLE,4.02
LDS,BUY,2.33
LDS,COT,2.55
LDS,CRG,4.41
LDS,GSY,10.14
LDS,KLF,4.13
LDS,OUT,7.55
LDS,WDS,5.99
LDY,MNC,5.85
LDY,PTH,17.76
LDY,SPF,3.23
LEA,HLN,4.51
LEA,LUT,2.50
LEB,SRA,2.45
LEB,TOM,1.00
LED,CWL,4.14
LED,HFD,13.81
LEE,GRP,1.56
LEE,HGR,0.63
LEE,MTG,1.69
LEG,RNH,0.25
LEG,SHJ,1.75
LEH,MGN,1.59
LEH,SCF,1.11
LEI,MHR,16.04
LEI,MMO,15.00
LEI,SWS,3.75
LEI,SYS,4.70
LEL,CBB,1.90
LEL,LTS,0.44
LEM,LER,0.74
LEM,WMW,1.13
LEN,CHG,4.00
LEN,HRM,1.69
LEO,HFD,12.29
LEO,LUD,10.92
LER,LEM,0.74
LER,WNP,1.19
LES,BEF,3.39
LES,CHW,1.34
LET,BDK,1.96
LET,HIT,3.01
LEU,CUP,6.23
LEU,DEE,8.34
LEW,BKH,0.90
LEW,HGR,1.26
LEW,LAD,0.73
LEW,NHD,1.81
LEW,SAJ,0.45
LEY,BSV,2.55
LEY,EBA,2.75
LEY,PRE,4.03
LFD,DMS,1.50
LFD,HUR,5.04
LGB,BPT,4.08
LGB,WDL,2.74
LGD,ACL,2.45
LGD,BDA,2.20
LGE,ATB,2.95
LGE,EMD,3.85
LGE,LBO,8.85
LGE,SPO,5.44
LGF,FNR,2.86
LGF,MEP,2.56
LGG,ROW,1.39
LGG,SGB,1.60
LGG,SMR,2.05
LGJ,EPH,2.01
LGJ,HNH,0.88
LGK,MSK,0.55
LGK,RCE,1.55
LGM,ALF,6.33
LGM,EMD,13.15
LGM,ILN,3.20
LGM,LBO,18.15
LGN,BYB,3.39
LGN,SOT,2.40
LGO,KNU,3.85
LGO,LLT,2.98
LGS,CCT,0.76
LGS,KGP,1.49
LGS,PWE,0.53
LGW,APP,11.40
LGW,LZB,4.20
LHA,DAL,2.75
LHA,FOC,5.50
LHD,AHD,1.80
LHD,BKA,2.54
LHD,BXW,3.15
LHE,CPA,2.86
LHE,LCS,3.75
LHM,DNY,3.61
LHM,GLS,2.09
LHO,RGW,2.10
LHO,WHE,2.35
LHS,FST,1.73
LHS,WEH,2.37
LHW,GLG,3.98
LHW,HOZ,4.50
LHW,MIN,4.95
LIC,LTV,1.25
LIC,SEN,2.91
LID,MLB,1.43
LID,RID,1.90
LIH,PHR,1.66
LIH,TON,2.50
LIN,DAM,9.96
LIN,EDP,12.75
LIN,HYM,16.36
LIN,PMT,4.70
LIP,HSL,3.84
LIP,LIS,4.61
LIS,LIP,4.61
LIS,PTR,3.44
LIT,ANG,5.10
LIT,ARU,3.23
LIT,FOD,2.02
LIV,EDG,1.54
LIV,LVC,0.53
LIV,LVS,2.00
LIV,MRF,0.59
LKE,SAN,0.75
LKE,SHN,1.25
LLA,BRM,1.44
LLA,TLB,2.29
LLC,PRH,0.79
LLC,TAL,1.26
LLD,DGY,1.73
LLE,BYE,2.73
LLE,GWN,5.64
LLE,PBY,3.63
LLF,BNG,7.29
LLF,PMW,2.74
LLG,LLL,5.65
LLG,LNR,1.76
LLH,BYE,1.93
LLH,PTD,2.31
LLI,AMF,1.79
LLI,FFA,4.19
LLJ,CNW,1.06
LLJ,CWB,4.03
LLJ,DGY,1.25
LLJ,GCW,1.88
LLL,FFA,0.85
LLL,LLG,5.65
LLM,GTH,1.73
LLM,LNW,3.38
LLN,CYS,2.75
LLN,RDR,1.05
LLO,BHR,5.59
LLO,PNY,3.65
LLR,PCD,2.94
LLR,PYC,2.00
LLS,HHL,1.10
LLS,LVT,0.80
LLT,DOL,3.64
LLT,LGO,2.98
LLV,CYN,4.69
LLV,LNR,3.80
LLW,FRB,2.66
LLW,TNF,4.12
LLY,TNP,1.05
LLY,YSR,1.34
LMR,BDI,2.85
LMR,HFX,5.14
LMS,BAN,19.90
LMS,KNW,4.54
LMS,WRW,1.94
LNB,ECP,1.00
LNB,YSM,2.86
LND,DRM,4.53
LND,PST,3.41
LNG,SNG,1.75
LNG,VIR,1.95
LNK,CLU,8.40
LNR,LLG,1.76
LNR,LLV,3.80
LNW,LLM,3.38
LNW,SUG,2.75
LNY,IVR,1.48
LNY,SLO,2.23
LNZ,BBG,3.01
LNZ,CRO,5.25
LOB,BTG,2.53
LOB,NFD,1.01
LOC,CAR,25.83
LOC,CRS,47.84
LOF,CBH,0.65
LOF,DLK,1.57
LOF,HAC,0.55
LOH,BMB,1.13
LOH,PRE,2.85
LOO,SDP,2.13
LOS,BOD,3.39
LOS,PAR,4.44
LOT,BON,3.06
LOT,HWI,1.97
LOW,BUJ,2.33
LOW,THU,2.19
LPG,BNG,3.48
LPG,BOR,9.29
LPR,GIG,3.83
LPR,HLD,1.33
LPR,SET,3.88
LPT,KDG,3.46
LPT,SOT,4.00
LPW,CLV,5.46
LPW,DDG,2.55
LPW,HTN,4.10
LPY,CSG,0.75
LPY,HNX,1.75
LPY,RUN,6.00
LPY,WSA,1.00
LRB,BTN,0.76
LRB,MCB,1.04
LRD,CLA,3.25
LRD,GLD,1.30
LRG,INH,5.55
LRG,ROG,10.06
LRH,MEY,1.00
LSK,BOD,9.21
LSK,COE,2.06
LSK,MEN,3.04
LSN,BHG,3.00
LSN,UHA,3.00
LST,BET,1.14
LSW,BID,0.85
LSW,MRT,0.58
LSY,CFB,1.49
LSY,NBC,0.53
LTG,NWI,1.40
LTG,PLM,1.98
LTH,EBV,5.00
LTH,NBE,3.00
LTK,AYS,4.34
LTK,MRS,1.53
LTL,SMB,1.06
LTL,WDN,4.06
LTM,AFV,1.24
LTM,MOS,2.66
LTN,HPD,4.60
LTN,LUT,1.01
LTP,DOW,10.08
LTP,ELY,5.65
LTS,LEL,0.44
LTS,SER,0.68
LTT,HOO,1.95
LTT,OVE,0.78
LTV,LIC,1.25
LTV,RGL,8.01
LTV,TAM,6.25
LUD,CRV,7.56
LUD,LEO,10.92
LUT,LEA,2.50
LUT,LTN,1.01
LUX,BGL,2.06
LUX,PAR,4.11
LVC,BRW,1.43
LVC,LIV,0.53
LVC,LVJ,0.45
LVC,MRF,0.56
LVG,KKN,2.95
LVG,WCL,2.75
LVJ,BKQ,1.18
LVJ,LVC,0.45
LVJ,MRF,0.29
LVM,HTC,1.43
LVM,MAN,2.91
LVN,FGT,2.28
LVN,HRH,1.08
LVS,LIV,2.00
LVT,CPH,2.50
LVT,LLS,0.80
LWH,BRI,1.03
LWH,SRD,0.58
LWM,BGN,9.39
LWM,RIA,6.45
LWR,BYC,3.40
LWR,NLR,0.50
LWS,CBR,2.56
LWS,FMR,4.46
LWS,GLY,3.06
LWS,SEE,3.40
LWT,OUN,1.44
LWT,OUS,2.15
LYC,EXN,0.41
LYC,LYM,1.10
LYD,CPW,7.95
LYD,GCR,19.40
LYE,CRA,1.25
LYE,SBJ,1.34
LYM,EXM,2.03
LYM,LYC,1.10
LYP,LYT,0.51
LYT,BCU,4.88
LYT,LYP,0.51
LZB,AWT,5.60
LZB,LGW,4.20
MAC,CNG,8.08
MAC,PRB,2.64
MAG,MNS,0.81
MAG,ORN,1.53
MAI,FZP,1.28
MAI,TAP,1.75
MAI,TWY,6.78
MAL,MOT,1.34
MAL,TOL,1.01
MAN,ADK,0.89
MAN,LVM,2.91
MAN,MAU,3.73
MAN,MCO,0.65
MAO,ACT,2.29
MAO,BCE,1.02
MAR,BSR,3.24
MAR,WGA,1.43
MAS,CRM,9.35
MAS,NCL,0.58
MAT,MTB,1.09
MAU,BNA,0.88
MAU,MAN,3.73
MAX,PLW,0.50
MAX,SHL,0.66
MAY,AYR,8.96
MAY,GIR,12.36
MBK,RDB,1.74
MBK,SOU,0.90
MBR,JCH,2.49
MBR,SBK,2.50
MBR,TBY,3.21
MBT,EXT,1.35
MBT,SCS,6.28
MCB,FMR,1.75
MCB,LRB,1.04
MCE,BLO,1.96
MCE,DOT,1.23
MCH,MNE,5.75
MCH,WLE,8.80
MCM,BAR,1.43
MCM,HHB,2.00
MCN,CWS,21.65
MCN,DVY,3.90
MCO,DGT,0.36
MCO,MAN,0.65
MCV,ABY,3.86
MCV,AHN,6.30
MCV,DTN,8.38
MCV,MSO,4.06
MCV,SFD,0.74
MDB,AYL,3.09
MDB,MDW,0.45
MDE,BMG,2.41
MDE,BSD,2.80
MDG,AMT,1.95
MDG,THA,2.75
MDL,DSL,1.46
MDL,HAZ,2.38
MDN,CNO,6.53
MDN,DCW,7.64
MDS,SIH,0.48
MDS,SMO,0.64
MDW,EFL,1.83
MDW,MDB,0.45
MEC,BES,3.03
MEC,SOP,1.19
MEL,RYS,3.04
MEL,STH,1.90
MEN,LSK,3.04
MEN,SGM,5.49
MEO,MNR,0.75
MEO,MRT,1.79
MEP,LGF,2.56
MEP,SOR,0.94
MER,PTB,1.60
MES,WCM,3.55
MES,WDB,2.03
MEV,QYD,2.05
MEV,TRD,1.90
MEW,GMG,0.75
MEW,MST,0.50
MEX,CNS,2.28
MEX,SWN,1.01
MEY,CTE,1.00
MEY,LRH,1.00
MFA,BRM,1.58
MFA,FRB,1.10
MFF,PRH,1.16
MFF,PTM,2.18
MFH,JOH,3.99
MFL,CCT,0.66
MFL,COI,0.54
MFL,KGP,1.20
MFT,MSW,1.70
MFT,SPK,2.80
MGM,LCN,9.50
MGM,RKT,7.18
MGN,BHI,1.71
MGN,LEH,1.59
MHM,CDS,3.70
MHM,RDH,1.76
MHR,KET,11.15
MHR,LEI,16.04
MHS,CLN,4.06
MHS,RMC,2.62
MHS,SHF,3.39
MIA,HDG,1.94
MIA,SYA,2.24
MIC,BSK,10.33
MIC,WIN,8.49
MIH,CAS,2.94
MIH,MSO,1.92
MIJ,BAL,4.10
MIJ,HCB,1.14
MIJ,MTC,1.00
MIJ,STE,2.78
MIK,CHF,5.24
MIK,EGF,1.43
MIK,SOM,3.15
MIL,ELS,3.09
MIL,HEN,2.38
MIM,HYB,10.01
MIM,KGM,6.96
MIN,HOZ,1.50
MIN,JHN,0.75
MIN,LHW,4.95
MIR,BGH,4.00
MIR,DHN,2.69
MIR,RVN,1.65
MIR,WKK,9.36
MIS,IPS,10.48
MIS,MNG,1.70
MIS,WRB,3.95
MKC,BLY,3.15
MKC,WOL,2.61
MKM,CPM,6.21
MKM,TRO,5.80
MKR,BTB,14.63
MKR,LCN,14.75
MKT,COL,5.04
MKT,CWC,3.48
MKT,KEL,4.39
MLB,LID,1.43
MLB,SWR,1.16
MLD,CTR,7.25
MLD,DLM,2.90
MLF,GOD,1.79
MLF,WTY,2.19
MLG,MRR,2.83
MLH,BBN,1.20
MLH,CYT,0.66
MLM,GNR,2.54
MLM,SIC,3.03
MLN,HLF,1.61
MLT,SEM,18.03
MLT,YRK,21.15
MLW,BNE,2.68
MLY,BTL,3.18
MLY,COT,2.08
MMO,LEI,15.00
MMO,OKM,11.36
MMO,SIL,12.29
MMO,SYS,10.09
MNC,GLT,5.10
MNC,KDY,7.38
MNC,LDY,5.85
MNE,ELY,9.83
MNE,MCH,5.75
MNE,SPP,13.81
MNG,COL,7.78
MNG,IPS,9.30
MNG,MIS,1.70
MNN,BUW,1.36
MNN,GSY,1.44
MNP,FOG,0.96
MNP,IFD,1.11
MNR,HYK,0.46
MNR,MEO,0.75
MNS,MAG,0.81
MNS,TWN,1.88
MOB,ASY,1.88
MOB,KNF,2.60
MOG,OLD,0.43
MON,BSI,0.94
MON,BYL,2.90
MOO,BEL,2.91
MOO,CBD,2.68
MOR,BMY,3.34
MOR,RDW,6.15
MOR,RGP,4.24
MOS,KKM,3.18
MOS,LTM,2.66
MOT,MAL,1.34
MOT,RAY,1.10
MOT,WCP,0.96
MPK,CKH,0.76
MPK,CKT,0.55
MPL,RML,1.64
MPL,SRN,2.23
MPT,CRM,6.70
MPT,PEG,1.93
MRB,LAM,3.51
MRB,PNA,3.23
MRD,COP,1.64
MRD,LAP,2.34
MRF,LIV,0.59
MRF,LVC,0.56
MRF,LVJ,0.29
MRF,SDL,1.54
MRN,PDW,4.58
MRN,SPU,2.48
MRP,FZW,3.76
MRP,PFR,6.98
MRP,THC,3.55
MRR,ARG,4.71
MRR,MLG,2.83
MRS,LTK,1.53
MRS,PRR,1.36
MRT,LSW,0.58
MRT,MEO,1.79
MRW,NUM,0.55
MRW,PON,2.42
MRY,ASP,7.66
MRY,FLM,2.01
MSD,SNN,0.83
MSD,WKD,1.65
MSH,EDG,2.21
MSH,WSA,0.73
MSK,LGK,0.55
MSK,RCE,2.10
MSK,SLB,2.04
MSL,GNF,2.43
MSL,SYB,2.54
MSN,GNF,6.08
MSN,SWT,2.66
MSO,MCV,4.06
MSO,MIH,1.92
MSR,RAM,4.04
MSR,SDW,4.76
MSR,STU,9.09
MSS,BON,1.16
MSS,FNW,0.99
MST,MEW,0.50
MSW,MFT,1.70
MSW,SHB,2.76
MTA,FER,0.96
MTA,PER,1.09
MTB,CMF,0.79
MTB,MAT,1.09
MTC,BAL,3.25
MTC,MIJ,1.00
MTC,STE,1.00
MTG,LEE,1.69
MTG,NEH,0.90
MTH,AIR,0.76
MTH,BLH,2.83
MTH,HLY,2.66
MTH,SDM,1.74
MTH,UDD,4.43
MTH,WFF,4.62
MTL,BNS,1.18
MTL,NSH,0.79
MTM,DVP,4.94
MTM,WAM,2.73
MTN,DCH,5.58
MTN,WOO,4.44
MTO,GYP,1.04
MTO,JCH,0.50
MTP,RDA,0.46
MTP,SRD,1.23
MTS,ARB,14.12
MTS,LAU,10.00
MTV,BIO,0.75
MTV,CML,1.47
MUB,EDB,5.28
MUB,WAF,2.51
MUI,CCT,0.80
MUI,WLM,1.30
MVL,GMV,1.14
MVL,WOF,6.79
MYB,HOH,9.14
MYB,WCX,6.55
MYH,KVD,1.00
MYH,SUM,0.34
MYH,WES,1.87
MYL,FOG,0.79
MYL,SRA,0.44
MYT,HBD,1.23
MYT,SOW,3.78
MZH,GNW,0.89
MZH,WCB,0.63
NAN,CRE,4.48
NAN,WRE,4.41
NAR,KGT,5.68
NAR,WTL,5.18
NAY,HEI,1.29
NAY,SHD,2.05
NBA,HDW,1.43
NBA,OKL,0.78
NBC,BKJ,0.50
NBC,CLK,0.75
NBC,LSY,0.53
NBE,CKY,2.50
NBE,LTH,3.00
NBN,WLG,1.16
NBR,HNK,7.93
NBR,SWS,2.98
NBT,KNG,0.81
NBT,NEM,1.51
NBW,DRM,4.38
NBY,KIT,5.40
NBY,NRC,0.51
NCE,CLE,1.54
NCE,GMD,0.83
NCK,AUK,7.54
NCK,KRK,7.36
NCL,CLS,8.30
NCL,DOT,2.29
NCL,HEW,2.98
NCL,MAS,0.58
NCM,ASH,1.99
NCM,FNN,1.99
NCO,DIG,1.00
NCO,TOP,1.00
NCT,CLM,5.19
NCT,NNG,1.52
NCT,ROL,3.70
NDL,EDW,0.53
NDL,TUH,1.29
NEG,EKB,1.41
NEG,GBG,2.24
NEH,MTG,0.90
NEH,SID,1.51
NEI,PTT,3.88
NEL,BRF,1.24
NEL,CNE,2.04
NEM,BRS,1.19
NEM,NBT,1.51
NEM,RAY,1.14
NES,HSW,2.59
NES,HWB,5.46
NET,NOT,3.33
NET,RDF,1.71
NEW,BSU,0.78
NEW,EDB,4.68
NEW,SFI,1.12
NFA,ALN,3.06
NFA,SOF,3.21
NFD,KNN,1.40
NFD,LOB,1.01
NFL,GRV,2.08
NFL,SWM,0.68
NFN,BDT,9.33
NFN,DRF,2.11
NGT,KML,3.70
NGT,RAI,2.56
NGT,SIT,3.20
NHD,CFT,1.16
NHD,LEW,1.81
NHD,PMR,0.81
NHE,AYL,0.89
NHE,SDA,1.29
NHL,BAV,1.39
NHL,GOX,2.20
NIT,BRR,1.59
NIT,PTL,0.83
NLN,BCB,1.23
NLN,BES,2.14
NLR,DLG,2.96
NLR,LWR,0.50
NLS,PSN,6.23
NLS,YAT,3.94
NLT,SDH,1.01
NLT,SRU,1.83
NLW,ERL,1.51
NLW,PAT,10.82
NLW,WGN,7.08
NMC,CLY,3.65
NMC,SRN,1.39
NMK,DUL,3.15
NMK,KNE,5.06
NMN,DSL,1.66
NMN,FNV,1.03
NMP,LBK,9.65
NMP,WOL,13.40
NMT,IPS,8.34
NMT,SMK,3.54
NNG,CLM,5.06
NNG,GRA,14.63
NNG,NCT,1.52
NNG,RET,18.51
NNP,CDF,0.99
NNP,WNG,1.50
NNT,GTA,3.86
NNT,GYP,0.58
NOA,AYR,1.20
NOA,PTW,1.99
NOR,CFD,3.34
NOR,WDS,4.89
NOR,WKK,3.09
NOT,BEE,3.28
NOT,BLW,5.50
NOT,CTO,3.14
NOT,ILN,8.70
NOT,NET,3.33
NPD,BDI,3.76
NPD,BLE,1.77
NQU,DAM,1.84
NQU,INK,1.88
NQY,QUI,2.44
NRB,SRC,0.86
NRB,TTH,1.21
NRC,NBY,0.51
NRC,THA,3.08
NRD,DAR,1.28
NRD,HEI,4.48
NRN,FOR,9.58
NRN,INV,15.14
NRT,BYS,1.45
NRT,SBS,2.81
NRW,BGA,4.83
NRW,DIS,19.98
NRW,SAH,5.93
NRW,WMD,10.15
NSB,COB,1.70
NSB,PEB,2.13
NSD,HKN,2.25
NSD,KKB,2.60
NSG,AAP,1.46
NSG,OKL,1.94
NSH,MTL,0.79
NSH,RMD,0.68
NTA,TGM,5.10
NTA,TOT,8.71
NTA,TRR,5.05
NTC,CDI,2.64
NTC,EXD,4.24
NTH,BNF,1.75
NTH,GWN,11.50
NTH,SKE,3.75
NTL,HME,0.68
NTL,SHO,1.86
NTN,BLT,2.61
NTN,CBL,1.59
NTN,KKH,1.48
NTN,UDD,1.81
NTR,DAR,14.18
NTR,THI,7.75
NTR,YRM,12.16
NUF,GDN,3.58
NUF,RDH,2.09
NUM,MRW,0.55
NUM,TOM,0.90
NUN,ATH,5.20
NUN,BEP,1.51
NUN,CEH,10.75
NUN,HNK,3.78
NUN,RUG,14.54
NUN,WTO,13.75
NUT,BOH,1.65
NUT,SOB,1.04
NVH,BIP,1.44
NVH,NVN,0.33
NVN,NVH,0.33
NVN,SEE,2.84
NVR,ALT,0.63
NVR,SPT,8.25
NWA,GNT,3.90
NWA,WRT,2.94
NWB,SOK,0.58
NWB,WMB,0.81
NWD,ANZ,1.13
NWD,CYP,1.50
NWD,ECR,1.65
NWD,WCY,1.74
NWE,AUD,1.79
NWE,ESM,4.35
NWI,GBK,1.75
NWI,LTG,1.40
NWM,HNA,2.51
NWM,SWY,2.99
NWN,FLF,0.86
NWN,GDL,0.71
NWP,CDF,11.79
NWP,CWM,7.99
NWP,PYE,2.90
NWP,STJ,9.83
NWR,DLW,10.19
NWR,KIN,2.76
NWT,CWS,5.55
NWT,WLP,13.96
NWX,LBG,2.99
NWX,SAJ,0.74
NWX,SQE,1.40
NXG,BCY,0.80
NXG,LBG,2.83
NXG,SQE,1.26
OBN,CON,6.18
OCK,CFH,2.01
OCK,GRY,4.43
OCK,UPM,3.34
OHL,CRA,1.43
OHL,ROW,1.40
OKE,CDI,18.06
OKL,NBA,0.78
OKL,NSG,1.94
OKM,COR,17.70
OKM,MMO,11.36
OKM,SMD,13.78
OKN,TFC,1.03
OKN,WLN,3.05
OLD,EXR,1.19
OLD,MOG,0.43
OLF,BTH,1.01
OLF,KYN,5.89
OLT,ACG,0.98
OLT,SOL,1.83
OLY,HLM,2.18
OLY,WNH,4.31
OMS,AUG,1.20
OMS,BCJ,2.59
OPK,AIN,0.93
OPK,WAO,0.38
ORE,HGS,0.90
ORE,TOK,2.73
ORN,AIN,0.91
ORN,MAG,1.53
ORP,CLD,1.50
ORP,PET,1.14
ORR,PEM,1.66
ORR,UPL,1.34
OTF,BBL,1.60
OTF,KMS,2.91
OTF,SEH,1.43
OUN,LWT,1.44
OUN,SYT,4.06
OUS,BCC,6.35
OUS,LWT,2.15
OUT,LDS,7.55
OUT,WKF,2.51
OVE,ELP,1.18
OVE,LTT,0.78
OVR,BSK,7.80
OVR,WCH,3.60
OXF,HND,6.98
OXF,OXP,3.54
OXF,RAD,5.08
OXF,TAC,9.11
OXN,KEN,2.35
OXN,LAN,19.09
OXN,PNR,32.16
OXP,ISP,3.54
OXP,OXF,3.54
OXS,CLG,1.85
OXS,CSD,1.80
OXT,HUR,0.95
OXT,WOH,3.15
PAD,AML,4.20
PAL,BOP,0.94
PAL,WIH,1.16
PAN,GOR,3.21
PAN,TLH,2.89
PAR,LOS,4.44
PAR,LUX,4.11
PAR,SAU,4.56
PAT,ECC,1.16
PAT,NLW,10.82
PAT,WGN,16.38
PBL,APB,2.24
PBL,HSC,1.49
PBO,GRA,29.08
PBO,HUN,17.49
PBO,SMD,12.09
PBO,SPA,16.63
PBO,WLE,6.12
PBR,BPK,1.75
PBR,HDW,2.14
PBY,KWL,5.41
PBY,LLE,3.63
PCD,BGN,3.81
PCD,LLR,2.94
PCD,PYC,4.94
PCN,HKH,1.25
PDG,BWD,1.45
PDG,WAC,1.74
PDW,BEG,1.81
PDW,MRN,4.58
PDW,TON,5.29
PEA,DBY,1.38
PEA,TUT,9.99
PEA,WIL,4.75
PEB,NSB,2.13
PEB,PEV,0.76
PEG,MPT,1.93
PEG,WDD,4.70
PEM,ORR,1.66
PEM,WGW,1.69
PEN,DGL,0.45
PER,ACY,2.50
PER,MTA,1.09
PES,LBR,0.74
PES,LDN,0.64
PET,BKL,1.80
PET,CIT,1.44
PET,ORP,1.14
PEV,HMD,3.08
PEV,PEB,0.76
PEW,BDW,8.95
PEW,WSB,20.25
PFL,GRY,3.84
PFL,RNM,3.43
PFM,DON,16.68
PFM,GLH,1.75
PFM,KNO,1.95
PFM,POT,0.70
PFR,MRP,6.98
PFR,SIE,8.25
PFY,KKM,6.41
PFY,LAY,1.95
PGM,GFF,1.05
PGM,HNG,1.71
PGN,TQY,2.10
PHG,AVY,0.93
PHG,DVY,5.06
PHR,EBR,5.00
PHR,LIH,1.66
PIL,PWY,3.56
PIL,STJ,6.96
PIN,CBK,2.55
PIN,SJP,2.35
PIT,BLA,6.85
PIT,DKD,12.88
PKG,STA,5.71
PKG,WVH,9.60
PKS,BSM,1.31
PKS,POO,1.83
PKT,HWW,0.75
PKT,SAA,1.49
PLC,AFK,5.68
PLC,HCN,5.19
PLD,AGT,0.99
PLD,FSG,0.68
PLE,GLC,1.85
PLE,QPK,0.41
PLG,BRK,4.14
PLG,HMD,2.23
PLK,DCG,1.16
PLK,DRN,1.45
PLM,KNF,2.71
PLM,LTG,1.98
PLN,ABD,8.20
PLN,STN,7.95
PLS,BMB,5.15
PLS,CYT,1.11
PLT,RHY,0.99
PLT,TIR,2.31
PLU,ABW,1.53
PLU,WWA,0.99
PLW,GLC,2.23
PLW,MAX,0.50
PLY,DPT,1.25
PLY,IVY,11.75
PMA,KGN,2.84
PMA,UMB,4.18
PMB,LAM,1.51
PMB,PMD,2.19
PMD,PMB,2.19
PMH,PMS,0.83
PMH,RYP,2.00
PMP,CBR,2.86
PMP,WVF,3.79
PMR,DMK,0.86
PMR,EDW,0.84
PMR,NHD,0.81
PMR,QRP,0.71
PMS,FTN,0.81
PMS,PMH,0.83
PMS,SHV,1.00
PMT,FKG,3.25
PMT,FKK,3.21
PMT,LIN,4.70
PMW,CNW,4.30
PMW,LLF,2.74
PNA,MRB,3.23
PNA,TEN,1.23
PNC,ABH,1.59
PNC,CCC,4.43
PNE,KTH,0.63
PNE,SYH,1.49
PNF,BCK,1.16
PNF,HPE,1.96
PNL,HBP,2.36
PNL,WET,3.26
PNM,FMT,0.95
PNM,PYN,2.06
PNR,CAR,17.85
PNR,OXN,32.16
PNS,DBD,4.06
PNS,SLK,3.21
PNW,ANZ,0.40
PNW,SYD,0.80
PNY,DOL,2.94
PNY,LLO,3.65
PNZ,SER,5.65
POK,BMH,1.73
POK,CHR,1.95
POL,DIG,1.90
POL,SJP,0.99
POL,TOP,3.90
PON,BMD,0.88
PON,MRW,2.42
POO,HAM,2.19
POO,PKS,1.83
POP,HMM,5.86
POP,YRK,2.89
POR,DMG,1.39
POR,TRH,1.21
POT,FEA,1.91
POT,PFM,0.70
PPD,ACY,3.49
PPD,TRF,0.86
PPD,TRH,2.04
PPK,ASF,0.58
PPK,GSC,0.82
PPL,AGV,9.30
PPL,CWM,2.92
PRA,PTW,0.50
PRA,TRN,2.75
PRB,ADC,1.93
PRB,MAC,2.64
PRE,CSO,7.28
PRE,LAN,21.04
PRE,LEY,4.03
PRE,LOH,2.85
PRE,SLW,5.28
PRH,LLC,0.79
PRH,MFF,1.16
PRI,AVN,0.84
PRI,SHH,0.56
PRL,SIA,1.10
PRL,SOV,0.63
PRN,HRR,3.26
PRN,WTH,1.30
PRP,BTN,1.35
PRP,HOV,1.44
PRP,HSK,5.73
PRR,HDM,5.75
PRR,MRS,1.36
PRR,SDR,3.15
PRS,WEM,3.26
PRS,WTC,4.90
PRT,FLN,13.95
PRT,RHL,3.56
PRU,SKS,2.54
PRU,WYM,2.16
PRW,PYN,4.13
PRW,TRU,4.19
PRY,HSD,1.53
PRY,WTT,0.85
PSC,ECL,0.88
PSC,HUY,1.98
PSE,BEF,2.61
PSE,BSO,2.21
PSE,SFO,5.19
PSH,EVE,5.96
PSH,WOP,4.16
PSL,BEB,1.01
PSL,SPI,0.46
PSN,BMT,0.91
PSN,NLS,6.23
PST,LND,3.41
PST,WAF,2.25
PSW,ATH,4.19
PSW,TAM,3.51
PTA,BAJ,1.92
PTA,PYL,6.25
PTB,MER,1.60
PTB,TRD,1.18
PTC,CSA,2.65
PTC,FRM,3.19
PTD,LLH,2.31
PTD,PTF,4.78
PTF,AMF,1.16
PTF,PTD,4.78
PTG,BGS,0.93
PTG,WDL,1.33
PTG,WNL,2.25
PTH,DKD,15.53
PTH,GLE,15.69
PTH,ING,17.17
PTH,LDY,17.76
PTK,CHC,1.70
PTK,EXG,1.24
PTK,HYN,0.70
PTL,KNS,0.67
PTL,NIT,0.83
PTM,CCC,5.03
PTM,MFF,2.18
PTR,LIS,3.44
PTR,RLN,8.34
PTT,NEI,3.88
PTT,WCR,0.96
PTW,NOA,1.99
PTW,PRA,0.50
PUL,AMY,4.78
PUL,BIG,5.10
PUO,PUR,0.94
PUO,SCY,1.18
PUR,CDS,1.81
PUR,ELD,8.34
PUR,KLY,1.20
PUR,PUO,0.94
PUR,RHM,0.65
PUT,BNS,1.19
PUT,WNT,1.18
PWE,LGS,0.53
PWE,SHL,0.38
PWL,ABH,1.76
PWW,CMY,1.08
PWW,KNS,1.05
PWW,THB,1.06
PWY,BPW,1.30
PWY,FIT,1.38
PWY,PIL,3.56
PYC,CDF,11.25
PYC,LLR,2.00
PYC,PCD,4.94
PYE,CDF,12.52
PYE,NWP,2.90
PYE,ROR,1.46
PYG,HLW,2.23
PYG,JHN,3.53
PYG,PYJ,0.79
PYJ,BPT,4.18
PYJ,PYG,0.79
PYL,BGN,5.93
PYL,PTA,6.25
PYN,PNM,2.06
PYN,PRW,4.13
PYP,BYC,4.35
PYP,DWD,1.41
PYT,ADC,2.18
PYT,BML,1.35
QBR,SSS,1.96
QBR,SWL,2.08
QPK,COI,0.44
QPK,PLE,0.41
QPW,KBN,0.69
QPW,KNL,0.83
QRB,CLJ,1.26
QRB,VXH,1.31
QRP,PMR,0.71
QRP,SBM,0.95
QRP,SQE,1.50
QUI,NQY,2.44
QUI,SCR,4.06
QYD,ACY,1.56
QYD,MEV,2.05
RAD,CUM,2.23
RAD,OXF,5.08
RAI,GLM,3.05
RAI,NGT,2.56
RAM,DMP,0.94
RAM,MSR,4.04
RAM,SDW,8.34
RAN,BRO,15.60
RAN,CRR,7.23
RAU,ANC,3.88
RAU,SLR,2.13
RAV,BOC,4.75
RAV,DRI,1.76
RAY,MOT,1.10
RAY,NEM,1.14
RAY,WIM,1.41
RBR,BAT,5.99
RBR,ETC,2.15
RBS,RCC,2.10
RBS,SBK,3.20
RCA,CKY,2.00
RCA,ROR,1.50
RCC,RBS,2.10
RCC,RCE,0.91
RCD,CAS,1.61
RCD,SMB,1.00
RCE,LGK,1.55
RCE,MSK,2.10
RCE,RCC,0.91
RDA,CFN,0.59
RDA,MTP,0.46
RDB,MBK,1.74
RDB,ROM,5.45
RDB,TTN,0.65
RDC,ALV,3.23
RDD,SNR,1.19
RDD,UWL,1.95
RDF,BIN,3.40
RDF,NET,1.71
RDG,EAR,2.84
RDG,RDW,0.96
RDG,TLH,2.68
RDG,TWY,4.96
RDH,ELD,0.94
RDH,MHM,1.76
RDH,NUF,2.09
RDH,REI,1.84
RDM,CRB,2.30
RDM,SKS,2.30
RDN,BNT,1.71
RDN,RRB,0.75
RDR,DCT,1.25
RDR,LLN,1.05
RDR,TAF,1.91
RDS,DTN,1.86
RDS,SPT,1.63
RDT,ELS,2.81
RDT,SAC,4.68
RDW,MOR,6.15
RDW,RDG,0.96
RDW,RGP,1.91
RDW,THE,4.30
RDW,TLH,2.31
REC,HAC,0.83
REC,SKW,0.40
RED,CBN,3.65
RED,TRU,9.06
REE,BYA,3.73
REE,CNY,2.16
REE,HAD,4.04
REI,BTO,2.89
REI,RDH,1.84
RET,DON,17.35
RET,GBL,9.43
RET,GNB,10.13
RET,NNG,18.51
RET,WRK,7.50
RFD,HOC,2.53
RFD,SIA,0.87
RFY,BEB,1.01
RFY,GNL,0.75
RGL,LTV,8.01
RGL,RGT,1.28
RGL,SNE,14.49
RGL,STA,9.28
RGP,MOR,4.24
RGP,RDW,1.91
RGT,HNF,4.16
RGT,RGL,1.28
RGW,BBN,2.85
RGW,LHO,2.10
RHD,DNT,6.15
RHD,HIR,5.00
RHI,BCG,0.51
RHI,WHT,0.34
RHL,AGL,4.28
RHL,PRT,3.56
RHM,CDN,0.78
RHM,PUR,0.65
RHO,TYC,1.68
RHO,VAL,4.50
RHY,PLT,0.99
RIA,BRY,3.27
RIA,LWM,6.45
RIC,CLW,2.19
RIC,HOH,7.97
RID,APG,1.68
RID,LID,1.90
RIL,FAZ,1.56
RIL,KKD,1.41
RIS,BBN,2.76
RIS,CTW,1.63
RKT,MGM,7.18
RKT,SLR,4.59
RKT,SPA,21.51
RLG,HOC,3.04
RLG,WIC,4.11
RLN,HAV,3.21
RLN,PTR,8.34
RMB,BFF,4.66
RMB,DWD,1.81
RMC,MHS,2.62
RMC,SWN,4.61
RMD,KWG,1.34
RMD,NSH,0.68
RMD,SMG,1.11
RMF,CTH,2.40
RMF,EMP,1.79
RMF,GDP,1.14
RML,BDY,1.04
RML,MPL,1.64
RML,RSH,2.11
RML,WLY,1.16
RNF,KIR,5.05
RNF,UPL,2.14
RNH,LEG,0.25
RNH,SHJ,2.96
RNH,WHN,1.47
RNM,DDK,2.11
RNM,PFL,3.43
RNR,CMR,3.06
RNR,GNT,3.75
ROB,BGE,1.59
ROB,HUY,0.46
ROC,BGL,2.46
ROC,SCR,5.64
ROE,WPE,0.33
ROE,ZCW,0.21
ROG,GOL,7.36
ROG,LRG,10.06
ROL,FSK,0.61
ROL,NCT,3.70
ROM,CFR,5.16
ROM,DBG,3.71
ROM,RDB,5.45
ROO,BIF,1.85
ROO,DLT,4.29
ROR,PYE,1.46
ROR,RCA,1.50
ROS,DFE,2.23
ROS,INK,1.50
ROW,LGG,1.39
ROW,OHL,1.40
RRB,BLV,0.50
RRB,RDN,0.75
RRN,SPR,2.48
RRN,SPS,1.35
RSG,BUB,1.08
RSG,BYM,1.25
RSG,HPN,1.48
RSH,RML,2.11
RSN,BWK,11.03
RSN,DUN,17.37
RTN,ALX,1.11
RTN,DLR,1.66
RTR,CTM,0.56
RTR,SOO,1.04
RTR,SOR,6.85
RUA,CRK,4.26
RUA,WRX,4.91
RUE,FRD,3.23
RUE,WBQ,4.98
RUF,BCJ,2.91
RUF,CSO,2.55
RUG,COV,11.46
RUG,LBK,9.40
RUG,NUN,14.54
RUG,WOL,30.16
RUN,ACB,7.94
RUN,FRD,4.01
RUN,LPY,6.00
RUN,WSA,9.10
RUS,SLH,1.60
RUS,WTB,1.39
RUT,CBL,1.89
RUT,CML,2.23
RUT,DAK,0.79
RUT,GLC,3.15
RVB,BEC,0.85
RVB,SRT,0.74
RVN,DEW,1.43
RVN,MIR,1.65
RWC,GOO,3.88
RWC,SNI,2.81
RYB,SBR,3.26
RYB,TUL,5.70
RYD,RYP,0.50
RYD,RYR,0.75
RYE,APD,6.80
RYE,WSE,1.85
RYH,BXB,1.73
RYH,SMT,1.40
RYN,BXB,2.94
RYN,HWN,2.59
RYP,PMH,2.00
RYP,RYD,0.50
RYP,SHV,2.00
RYR,RYD,0.75
RYR,SAB,0.78
RYS,AWM,3.90
RYS,MEL,3.04
SAA,PKT,1.49
SAB,BDN,2.72
SAB,RYR,0.78
SAC,HPD,4.75
SAC,RDT,4.68
SAD,DDP,1.96
SAD,SGB,1.25
SAE,BIY,2.31
SAE,SHY,0.63
SAF,ELD,1.85
SAF,HOR,2.26
SAH,HXM,2.83
SAH,NRW,5.93
SAJ,HGR,1.60
SAJ,LAD,1.03
SAJ,LEW,0.45
SAJ,NWX,0.74
SAL,DEN,8.99
SAL,GRT,10.96
SAL,TIS,12.59
SAL,WMN,19.74
SAM,GBD,3.73
SAM,GOO,2.99
SAN,BDN,1.75
SAN,LKE,0.75
SAR,AVN,0.91
SAR,SVB,3.65
SAS,AFV,1.94
SAS,SQU,1.55
SAT,ACC,0.69
SAT,GUN,0.70
SAU,PAR,4.56
SAU,TRU,14.36
SAV,STY,1.65
SAW,BIS,3.63
SAW,HWM,2.21
SAX,DSM,4.33
SAX,WCM,6.60
SAY,EYN,3.01
SAY,FNR,3.14
SAY,SMY,2.66
SBE,HGT,2.14
SBE,KNA,1.71
SBF,KEY,0.88
SBF,STS,1.14
SBJ,HAG,1.95
SBJ,LYE,1.34
SBJ,SBT,0.66
SBK,MBR,2.50
SBK,RBS,3.20
SBM,LBG,1.80
SBM,QRP,0.95
SBP,HDN,0.98
SBP,WMB,1.04
SBR,FTW,8.76
SBR,RYB,3.26
SBS,CKL,3.59
SBS,NRT,2.81
SBT,SBJ,0.66
SBU,EDR,1.84
SBU,TUR,1.76
SBV,BFE,4.16
SBV,KEY,0.94
SBY,DON,18.35
SBY,SIE,8.01
SBY,SOM,7.89
SBY,WRS,6.01
SBY,YRK,18.40
SCA,SEM,2.90
SCF,ADD,1.89
SCF,AST,2.95
SCF,LEH,1.11
SCG,DFD,1.96
SCG,GNH,0.76
SCH,GRS,0.48
SCH,JOR,1.10
SCR,QUI,4.06
SCR,ROC,5.64
SCS,DWW,1.98
SCS,MBT,6.28
SCT,ABC,9.08
SCT,GGJ,4.23
SCU,ALP,3.41
SCU,BTB,11.39
SCY,ECR,0.90
SCY,PUO,1.18
SCY,SNR,1.03
SDA,HAI,1.53
SDA,NHE,1.29
SDB,CRE,4.60
SDB,HCH,3.83
SDC,HOX,0.73
SDC,ZLW,0.72
SDE,WPE,0.48
SDE,ZLW,0.62
SDF,KGT,0.74
SDF,TEN,4.15
SDG,FKW,3.83
SDG,WHA,1.26
SDH,NLT,1.01
SDH,SUD,0.85
SDL,BAH,0.66
SDL,KKD,0.86
SDL,MRF,1.54
SDM,CLU,5.80
SDM,MTH,1.74
SDM,WSH,1.51
SDN,BTE,0.71
SDN,SOU,1.99
SDN,SWG,1.43
SDP,CAU,1.36
SDP,LOO,2.13
SDR,HWY,4.98
SDR,PRR,3.15
SDW,DEA,4.13
SDW,MSR,4.76
SDW,RAM,8.34
SDY,BIW,2.96
SDY,SNO,7.60
SEA,HRE,5.75
SEA,SUN,5.14
SEB,EBL,1.78
SEB,SUN,1.69
SEC,BIL,5.12
SEC,HPL,2.19
SED,CBG,3.21
SED,WLF,3.43
SEE,LWS,3.40
SEE,NVN,2.84
SEF,BIP,0.88
SEG,CBE,6.58
SEG,FAV,3.26
SEH,EYN,2.26
SEH,OTF,1.43
SEL,BYS,2.01
SEL,SSC,1.71
SEM,FIL,6.51
SEM,MLT,18.03
SEM,SCA,2.90
SEN,BKT,2.49
SEN,LIC,2.91
SER,HYL,1.59
SER,LTS,0.68
SER,PNZ,5.65
SES,AWK,4.66
SES,FZW,4.44
SET,HIR,6.04
SET,LPR,3.88
SEV,BBL,1.18
SEV,DNG,1.55
SEV,HLB,4.91
SFA,EBD,16.47
SFA,STP,5.97
SFD,DGT,1.24
SFD,ECC,3.21
SFD,MCV,0.74
SFD,SLD,1.00
SFI,EKB,2.51
SFI,NEW,1.12
SFL,BNW,0.99
SFL,WLO,1.06
SFN,COS,3.16
SFN,TFC,3.11
SFO,ETL,2.14
SFO,PSE,5.19
SFR,CHL,1.84
SFR,GLD,1.93
SGB,BHM,3.91
SGB,LGG,1.60
SGB,SAD,1.25
SGB,SMR,0.70
SGB,THW,0.75
SGL,EGY,0.85
SGL,HYM,3.25
SGM,MEN,5.49
SGM,STS,4.98
SGN,CBP,0.75
SGN,GFD,0.86
SGR,BNH,1.59
SGR,CRY,2.36
SGR,DFD,2.01
SGR,ERH,1.14
SHB,LAG,2.10
SHB,MSW,2.76
SHC,FEA,1.75
SHC,WKK,4.36
SHD,BIA,2.91
SHD,NAY,2.05
SHE,TMC,6.09
SHE,YVJ,4.59
SHF,DAN,2.10
SHF,DOR,4.25
SHF,DRO,6.95
SHF,MHS,3.39
SHH,AVN,1.40
SHH,PRI,0.56
SHH,SML,1.63
SHI,HOT,1.86
SHI,WGV,0.91
SHJ,ERL,2.84
SHJ,LEG,1.75
SHJ,RNH,2.96
SHL,MAX,0.66
SHL,PWE,0.38
SHM,WRN,1.71
SHN,LKE,1.25
SHO,NTL,1.86
SHO,WLS,0.58
SHP,UPH,1.49
SHR,CTT,12.78
SHR,GOB,17.88
SHR,WLN,10.28
SHR,WLP,19.74
SHR,YRT,7.32
SHS,FLD,3.50
SHS,HTW,1.60
SHT,CTR,7.84
SHT,FLN,4.63
SHT,HWB,0.50
SHT,HWD,2.25
SHU,CNM,14.49
SHU,GCR,9.14
SHU,STD,2.76
SHV,PMS,1.00
SHV,RYP,2.00
SHV,XRD,2.00
SHW,ESL,3.83
SHW,WIN,3.14
SHY,APY,3.09
SHY,BLD,1.46
SHY,FZH,0.98
SHY,SAE,0.63
SIA,PRL,1.10
SIA,RFD,0.87
SIC,BOC,5.35
SIC,MLM,3.03
SID,AYP,0.94
SID,NEH,1.51
SIE,CHF,2.26
SIE,PFR,8.25
SIE,SBY,8.01
SIH,MDS,0.48
SIH,SUC,0.98
SIL,BWS,2.02
SIL,MMO,12.29
SIL,SYS,2.84
SIN,DMR,0.88
SIN,DMY,0.94
SIP,AUW,1.29
SIP,KGM,3.00
SIT,KML,1.90
SIT,NGT,3.20
SIT,TEY,2.69
SIV,CBB,1.15
SJP,EXC,0.48
SJP,PIN,2.35
SJP,POL,0.99
SJS,CPT,1.74
SJS,WHC,0.53
SKE,LAS,1.75
SKE,NTH,3.75
SKG,HVN,3.06
SKI,CEY,3.06
SKI,GGV,3.68
SKM,AYS,2.21
SKM,WND,2.40
SKN,CAU,1.31
SKN,COE,1.74
SKS,PRU,2.54
SKS,RDM,2.30
SKW,REC,0.40
SKW,SMH,0.84
SLA,HYM,1.74
SLA,KGE,0.88
SLB,MSK,2.04
SLD,CLI,2.98
SLD,DGT,1.45
SLD,SFD,1.00
SLD,SNN,3.19
SLH,GMT,3.31
SLH,RUS,1.60
SLK,DOD,1.50
SLK,PNS,3.21
SLL,HAB,3.79
SLL,HLI,1.01
SLO,BNM,2.51
SLO,LNY,2.23
SLO,WNC,2.78
SLQ,BEX,3.90
SLQ,HGS,0.73
SLQ,WLD,0.94
SLR,HEC,5.05
SLR,RAU,2.13
SLR,RKT,4.59
SLR,SPA,18.99
SLS,CAY,0.80
SLS,GAR,1.13
SLT,ASB,0.79
SLT,STV,1.38
SLV,EDR,0.66
SLV,WHL,0.78
SLW,KKM,2.59
SLW,PRE,5.28
SLY,BRV,1.04
SLY,UNI,0.86
SMA,BBS,1.03
SMA,BHM,3.21
SMA,TYS,0.99
SMB,LTL,1.06
SMB,RCD,1.00
SMD,OKM,13.78
SMD,PBO,12.09
SMG,RMD,1.11
SMG,TWI,0.45
SMH,SKW,0.84
SMH,SVS,0.58
SMK,DIS,14.38
SMK,ESW,5.90
SMK,NMT,3.54
SML,CFN,2.10
SML,SHH,1.63
SMN,BUU,2.23
SMO,MDS,0.64
SMO,WBO,0.59
SMR,BHM,3.21
SMR,LGG,2.05
SMR,SGB,0.70
SMT,RYH,1.40
SMT,WAR,1.93
SMY,BKL,2.76
SMY,CIT,2.24
SMY,SAY,2.66
SNA,FZW,4.87
SNA,WKF,1.78
SND,BAW,1.54
SND,CRN,1.55
SNE,BRT,2.54
SNE,RGL,14.49
SNE,STA,9.07
SNF,BIC,4.20
SNF,BRE,2.00
SNF,INT,3.38
SNG,ACT,2.11
SNG,LNG,1.75
SNH,GSW,3.66
SNH,THH,1.56
SNI,HEL,3.64
SNI,RWC,2.81
SNK,WAW,0.55
SNK,WID,3.59
SNL,EWW,1.04
SNL,WCP,1.26
SNN,MSD,0.83
SNN,SLD,3.19
SNO,HUN,7.15
SNO,SDY,7.60
SNR,RDD,1.19
SNR,SCY,1.03
SNS,AFS,1.53
SNS,EGH,2.01
SNS,WRY,2.50
SNT,ELP,2.50
SNT,INE,0.78
SNW,BUO,2.01
SNW,FRM,3.73
SNY,DAT,1.20
SNY,WRY,1.11
SOA,ESL,1.39
SOA,SWG,0.88
SOB,EMS,1.43
SOB,NUT,1.04
SOC,SOE,0.89
SOC,WCF,0.88
SOE,SOC,0.89
SOE,TPB,1.33
SOF,BLB,2.56
SOF,NFA,3.21
SOG,ETC,3.61
SOG,WAD,4.55
SOH,EUS,2.39
SOH,KBN,0.58
SOI,GAL,6.71
SOI,GBG,14.60
SOJ,ELY,4.93
SOJ,KNE,9.85
SOK,KNT,0.86
SOK,NWB,0.58
SOL,OLT,1.83
SOL,WMR,1.48
SOM,MIK,3.15
SOM,SBY,7.89
SON,CEY,3.04
SON,KEI,3.09
SOO,CUX,2.33
SOO,HGM,2.61
SOO,RTR,1.04
SOP,BDL,0.93
SOP,MEC,1.19
SOR,MEP,0.94
SOR,RTR,6.85
SOT,LGN,2.40
SOT,LPT,4.00
SOT,WED,4.04
SOU,MBK,0.90
SOU,SDN,1.99
SOV,PRL,0.63
SOW,BGH,5.50
SOW,HFX,3.65
SOW,MYT,3.78
SPA,PBO,16.63
SPA,RKT,21.51
SPA,SLR,18.99
SPB,KPA,1.25
SPB,WIJ,1.50
SPF,CUP,2.30
SPF,LDY,3.23
SPH,KSN,3.36
SPH,SWO,2.00
SPI,BMR,0.73
SPI,PSL,0.46
SPK,KKB,1.10
SPK,MFT,2.80
SPN,ATL,3.25
SPN,WMD,2.56
SPO,DBY,2.53
SPO,LGE,5.44
SPP,ELY,6.89
SPP,LAK,5.29
SPP,MNE,13.81
SPR,BNL,0.61
SPR,GLQ,1.87
SPR,RRN,2.48
SPR,SPS,3.83
SPS,GRH,2.41
SPS,RRN,1.35
SPS,SPR,3.83
SPT,CHU,2.34
SPT,DVN,0.96
SPT,HTC,1.56
SPT,NVR,8.25
SPT,RDS,1.63
SPU,HCN,3.38
SPU,MRN,2.48
SPY,DBD,2.20
SPY,SSM,0.85
SQE,NWX,1.40
SQE,NXG,1.26
SQE,QRP,1.50
SQE,ZCW,0.33
SQH,DMF,26.12
SQH,KRK,3.23
SQU,BPB,1.20
SQU,SAS,1.55
SRA,BET,2.90
SRA,HKW,0.95
SRA,LEB,2.45
SRA,MYL,0.44
SRC,BAL,1.95
SRC,NRB,0.86
SRC,STE,0.59
SRD,FIT,2.93
SRD,LWH,0.58
SRD,MTP,1.23
SRG,BCF,1.56
SRG,GER,2.70
SRH,BAL,1.05
SRH,TUH,1.09
SRH,WNW,1.29
SRI,HLG,0.56
SRI,TYS,0.85
SRL,WTE,0.91
SRL,YRD,1.23
SRN,MPL,2.23
SRN,NMC,1.39
SRO,KVP,3.21
SRO,WRK,2.06
SRR,TDU,0.75
SRR,WMI,1.25
SRS,ECR,1.15
SRS,TTH,0.73
SRS,WCY,1.18
SRT,BKJ,1.38
SRT,BMS,0.86
SRT,RVB,0.74
SRU,NLT,1.83
SRU,WRU,1.81
SRY,TPB,1.49
SSC,DRI,2.25
SSC,SEL,1.71
SSD,ESM,4.33
SSD,SST,3.63
SSE,LAC,2.40
SSE,SWK,1.48
SSM,BHS,2.04
SSM,SPY,0.85
SSS,QBR,1.96
SST,BIS,3.04
SST,ESM,2.20
SST,SSD,3.63
STA,CRE,24.26
STA,PKG,5.71
STA,RGL,9.28
STA,SNE,9.07
STC,ACH,5.53
STC,ATT,2.33
STD,KEM,11.18
STD,SHU,2.76
STE,MIJ,2.78
STE,MTC,1.00
STE,SRC,0.59
STE,TOO,1.92
STE,TUH,1.53
STF,ATT,4.91
STF,DCG,3.93
STG,ALO,6.80
STG,BEA,2.82
STG,LBT,8.09
STH,FXN,1.13
STH,MEL,1.90
STJ,CDT,0.74
STJ,CWM,15.81
STJ,NWP,9.83
STJ,PIL,6.96
STK,BIL,4.33
STK,EAG,3.04
STK,TBY,2.16
STL,HAN,1.73
STL,HAY,1.81
STM,AIG,1.38
STM,BRW,1.17
STN,LAU,14.44
STN,PLN,7.95
STO,BHO,1.51
STO,HRY,1.14
STP,FPK,2.78
STP,KTN,1.54
STP,SFA,5.97
STP,ZFD,1.21
STR,BRL,25.96
STS,SBF,1.14
STS,SGM,4.98
STT,DNL,2.23
STT,KLM,3.25
STU,CBW,2.38
STU,MSR,9.09
STV,KWN,2.31
STV,SLT,1.38
STW,FLW,0.45
STW,TED,1.14
STW,TWI,1.03
STY,SAV,1.65
STY,WMC,1.00
SUC,SIH,0.98
SUC,WSU,0.75
SUD,SDH,0.85
SUD,WCX,1.41
SUG,CYN,3.98
SUG,LNW,2.75
SUM,GSC,0.40
SUM,MYH,0.34
SUN,SEA,5.14
SUN,SEB,1.69
SUO,BLM,1.09
SUO,CHE,1.01
SUO,CSB,1.04
SUO,CSH,1.33
SUO,WSU,1.05
SUP,BMN,0.44
SUP,GRP,1.18
SUR,BRS,1.08
SUR,ESH,2.35
SUR,HYW,2.09
SUR,THD,1.98
SUT,FOK,1.35
SUT,WYL,1.19
SUU,HMP,2.21
SUU,KMP,0.45
SUU,UPH,0.63
SUY,BUE,4.86
SVB,SAR,3.65
SVG,HIT,4.34
SVG,KBW,2.55
SVG,WAS,5.29
SVK,GMY,0.73
SVK,IFD,1.21
SVL,BUD,2.48
SVL,WDM,3.56
SVR,ARN,2.35
SVR,CNF,3.75
SVS,BCV,0.76
SVS,SMH,0.58
SWA,GWN,5.14
SWA,LAS,3.99
SWD,CLM,2.59
SWD,HKM,4.81
SWE,HBB,3.26
SWE,HEC,4.60
SWG,SDN,1.43
SWG,SOA,0.88
SWI,BPW,34.49
SWI,CPM,16.66
SWI,DID,24.16
SWI,KEM,13.70
SWK,FSG,0.79
SWK,SSE,1.48
SWL,KML,1.96
SWL,QBR,2.08
SWM,GNH,1.33
SWM,NFL,0.68
SWN,BTD,2.43
SWN,MEX,1.01
SWN,RMC,4.61
SWO,AYH,0.93
SWO,SPH,2.00
SWR,KMH,1.73
SWR,MLB,1.16
SWS,LEI,3.75
SWS,NBR,2.98
SWT,HUD,4.44
SWT,MSN,2.66
SWY,BCU,2.74
SWY,NWM,2.99
SXY,GBL,9.48
SXY,LCN,6.14
SYA,HDG,1.50
SYA,MIA,2.24
SYA,WML,1.74
SYB,AHN,1.21
SYB,GUI,2.10
SYB,MSL,2.54
SYD,CYP,1.15
SYD,FOH,0.76
SYD,PNW,0.80
SYH,PNE,1.49
SYH,WDU,0.68
SYL,BFD,0.78
SYL,ISL,0.73
SYS,LEI,4.70
SYS,MMO,10.09
SYS,SIL,2.84
SYT,HAD,1.81
SYT,OUN,4.06
TAB,BSC,0.99
TAB,HSD,2.65
TAC,HYD,2.64
TAC,OXF,9.11
TAD,KND,1.33
TAD,TAT,1.24
TAF,RDR,1.91
TAF,TRE,2.36
TAI,ARD,13.59
TAI,FRN,3.54
TAL,LLC,1.26
TAL,TYG,0.85
TAM,BUT,12.98
TAM,LTV,6.25
TAM,PSW,3.51
TAM,WNE,1.86
TAP,BNM,1.53
TAP,MAI,1.75
TAT,TAD,1.24
TAU,BWT,11.56
TAU,CLC,27.44
TAU,TVP,14.26
TAY,CON,6.69
TAY,FOC,3.49
TBD,BAB,4.54
TBD,CRW,1.34
TBD,GTW,2.69
TBR,ETL,3.11
TBR,TIL,0.88
TBW,FRT,2.26
TBW,HIB,1.53
TBY,EAG,3.00
TBY,MBR,3.21
TBY,STK,2.16
TDU,GMG,4.22
TDU,SRR,0.75
TEA,ALW,2.75
TEA,DND,1.75
TED,FLW,1.21
TED,HMW,1.13
TED,STW,1.14
TEN,PNA,1.23
TEN,SDF,4.15
TEO,CHN,0.91
TEO,TUR,1.41
TEY,FAV,4.54
TEY,SIT,2.69
TFC,OKN,1.03
TFC,SFN,3.11
TGM,DWL,2.91
TGM,NTA,5.10
TGS,BCG,0.60
TGS,HLL,0.50
THA,MDG,2.75
THA,NRC,3.08
THB,GFN,0.90
THB,PWW,1.06
THC,GOE,1.02
THC,MRP,3.55
THD,HMC,0.94
THD,SUR,1.98
THE,AMT,3.55
THE,RDW,4.30
THH,ECL,0.96
THH,SNH,1.56
THI,NTR,7.75
THI,YRK,22.20
THL,BKW,1.91
THL,CNL,2.10
THO,YET,1.14
THO,YVP,3.16
THS,GGJ,6.63
THT,BUS,1.00
THT,HMY,1.50
THU,BSB,1.35
THU,LOW,2.19
THW,JEQ,2.25
THW,SGB,0.75
TIL,ETL,3.49
TIL,GRY,1.73
TIL,TBR,0.88
TIP,CSY,1.38
TIP,DDP,0.89
TIR,BHD,1.11
TIR,PLT,2.31
TIS,GIL,9.08
TIS,SAL,12.59
TLB,DYF,1.16
TLB,LLA,2.29
TLC,DLG,3.08
TLC,GCW,3.69
TLH,PAN,2.89
TLH,RDG,2.68
TLH,RDW,2.31
TLK,EWD,0.81
TLK,WDE,1.06
TLS,CLT,4.63
TLS,KBX,2.58
TLS,WEE,2.14
TMC,GIL,6.83
TMC,SHE,6.09
TNA,GOX,1.64
TNA,ULC,2.60
TNF,LLW,4.12
TNF,TYW,2.48
TNN,GOO,7.39
TNN,HFS,2.86
TNP,DMG,0.54
TNP,LLY,1.05
TNS,CWE,6.03
TNS,HFS,3.01
TOD,BYM,9.27
TOD,HBD,4.51
TOD,WDN,1.60
TOK,DLH,1.28
TOK,ORE,2.73
TOL,CSN,1.24
TOL,MAL,1.01
TOM,CPT,2.05
TOM,LEB,1.00
TOM,NUM,0.90
TON,HIB,3.35
TON,HLB,2.50
TON,LIH,2.50
TON,PDW,5.29
TOO,HYR,1.28
TOO,STE,1.92
TOP,EXN,1.51
TOP,NCO,1.00
TOP,POL,3.90
TOT,IVY,11.50
TOT,NTA,8.71
TPB,SOE,1.33
TPB,SRY,1.49
TPC,BSN,16.91
TPC,WFL,1.96
TPN,TRY,1.09
TPN,YSR,0.51
TQY,PGN,2.10
TQY,TRR,0.93
TRA,DGT,3.05
TRA,HUP,0.83
TRB,YNW,0.45
TRD,MEV,1.90
TRD,PTB,1.18
TRE,TAF,2.36
TRE,TRF,2.34
TRF,PPD,0.86
TRF,TRE,2.34
TRH,POR,1.21
TRH,PPD,2.04
TRI,BKM,3.95
TRI,CED,4.44
TRM,DBR,8.10
TRM,FLX,1.51
TRN,BSS,1.30
TRN,KMK,8.98
TRN,PRA,2.75
TRO,BOA,3.29
TRO,MKM,5.80
TRO,WSB,4.04
TRR,NTA,5.05
TRR,TQY,0.93
TRS,BSE,4.09
TRS,ESW,4.49
TRU,PRW,4.19
TRU,RED,9.06
TRU,SAU,14.36
TRY,TPN,1.09
TRY,YNW,1.20
TTF,BND,7.24
TTF,HRD,7.80
TTH,NRB,1.21
TTH,SRS,0.73
TTN,ANF,2.89
TTN,RDB,0.65
TUH,HNH,1.08
TUH,NDL,1.29
TUH,SRH,1.09
TUH,STE,1.53
TUH,WNW,0.69
TUL,CRR,10.06
TUL,RYB,5.70
TUR,SBU,1.76
TUR,TEO,1.41
TUT,PEA,9.99
TUT,UTT,7.75
TVP,EXD,16.50
TVP,TAU,14.26
TWB,GAL,2.15
TWI,SMG,0.45
TWI,STW,1.03
TWI,WTN,1.26
TWN,AUG,0.99
TWN,MNS,1.88
TWY,MAI,6.78
TWY,RDG,4.96
TWY,WGV,1.84
TYC,BOR,2.74
TYC,RHO,1.68
TYG,HRL,2.53
TYG,TAL,0.85
TYL,CNR,5.14
TYL,DAL,12.08
TYS,ACG,0.96
TYS,SMA,0.99
TYS,SRI,0.85
TYW,AVY,3.61
TYW,TNF,2.48
UCK,BXD,2.31
UDD,BLH,2.63
UDD,MTH,4.43
UDD,NTN,1.81
UHA,EDP,7.89
UHA,HYM,11.25
UHA,LSN,3.00
UHL,CRH,0.93
UHL,GPO,1.16
ULC,HAB,1.70
ULC,TNA,2.60
ULL,CHF,1.86
ULL,YRK,8.88
ULV,CAK,5.61
ULV,DLT,3.21
UMB,CPN,2.38
UMB,PMA,4.18
UNI,FWY,1.48
UNI,SLY,0.86
UPH,SHP,1.49
UPH,SUU,0.63
UPL,ORR,1.34
UPL,RNF,2.14
UPM,BKG,7.68
UPM,EMP,1.53
UPM,OCK,3.34
UPM,WHR,3.93
UPT,BID,1.80
UPT,HSW,4.26
UPW,DCH,4.51
UPW,DCW,4.59
UPW,WEY,2.41
URM,CSR,0.55
URM,HUP,1.19
UTT,BYB,11.08
UTT,TUT,7.75
UTY,BRO,7.59
UTY,CNR,4.95
UWL,RDD,1.95
UWL,WOH,1.76
VAL,HHD,3.09
VAL,RHO,4.50
VIC,BAK,1.24
VIC,BRX,3.18
VIR,CHY,2.50
VIR,EGH,2.16
VIR,LNG,1.95
VXH,QRB,1.31
VXH,WAT,2.78
WAC,PDG,1.74
WAC,WAW,1.99
WAD,FRT,2.64
WAD,SOG,4.55
WAE,CHX,0.82
WAE,LBG,1.35
WAF,MUB,2.51
WAF,PST,2.25
WAL,HER,1.16
WAL,WYB,2.08
WAM,DEA,1.64
WAM,MTM,2.73
WAN,ASH,2.08
WAN,GLD,4.20
WAO,KKD,1.29
WAO,OPK,0.38
WAR,HFE,2.01
WAR,SMT,1.93
WAS,HFN,4.43
WAS,SVG,5.29
WAT,VXH,2.78
WAV,BGE,1.00
WAV,EDG,0.75
WAW,SNK,0.55
WAW,WAC,1.99
WBC,CMB,3.07
WBC,ELY,9.35
WBD,HEL,1.83
WBD,KNO,4.35
WBL,EMS,1.20
WBL,HAV,0.69
WBO,SMO,0.59
WBO,WIM,0.95
WBP,IMW,0.91
WBP,KPA,1.00
WBQ,ACB,9.65
WBQ,ERL,4.98
WBQ,RUE,4.98
WBQ,WGN,11.74
WBR,CEF,3.81
WBR,FNV,1.33
WBY,BFN,1.28
WBY,WOK,2.66
WCB,CTN,0.59
WCB,MZH,0.63
WCF,CHW,0.96
WCF,SOC,0.88
WCH,ADV,7.18
WCH,OVR,3.60
WCK,GGJ,14.20
WCL,ADW,1.73
WCL,LVG,2.75
WCM,MES,3.55
WCM,SAX,6.60
WCP,MOT,0.96
WCP,SNL,1.26
WCR,PTT,0.96
WCR,WLM,0.85
WCX,MYB,6.55
WCX,SUD,1.41
WCY,NWD,1.74
WCY,SRS,1.18
WCY,WDO,1.06
WDB,MES,2.03
WDB,WFI,6.70
WDD,ACK,5.29
WDD,PEG,4.70
WDE,DZY,1.88
WDE,TLK,1.06
WDH,DAN,3.18
WDH,KIV,4.19
WDL,LGB,2.74
WDL,PTG,1.33
WDM,SVL,3.56
WDN,LTL,4.06
WDN,TOD,1.60
WDO,WCY,1.06
WDO,WLT,1.56
WDS,CFD,4.91
WDS,LDS,5.99
WDS,NOR,4.89
WDT,HAY,2.33
WDT,IVR,1.54
WDU,HNH,1.35
WDU,SYH,0.68
WEA,DRG,0.58
WEA,EAL,0.81
WEA,HAN,0.84
WEA,WRU,6.00
WED,BRT,0.56
WED,SOT,4.04
WEE,GRB,2.13
WEE,TLS,2.14
WEH,BKG,3.47
WEH,LHS,2.37
WEL,BDM,15.25
WEL,KET,6.75
WEM,PRS,3.26
WEM,YRT,3.46
WES,ANL,1.50
WES,BRN,1.18
WES,DMC,1.13
WES,MYH,1.87
WET,HRS,6.01
WET,PNL,3.26
WEY,UPW,2.41
WFF,CBC,0.75
WFF,KWD,1.11
WFF,MTH,4.62
WFH,BSH,0.81
WFH,WFJ,0.90
WFI,DBR,2.56
WFI,IPS,3.53
WFI,WDB,6.70
WFJ,BSH,1.45
WFJ,KGL,3.51
WFJ,WFH,0.90
WFJ,WFN,0.85
WFL,HVN,1.78
WFL,TPC,1.96
WFN,GSN,0.86
WFN,WFJ,0.85
WGA,BCH,1.74
WGA,MAR,1.43
WGC,HAT,2.64
WGC,WLW,1.69
WGN,BYN,3.69
WGN,EBA,8.36
WGN,INC,1.01
WGN,NLW,7.08
WGN,PAT,16.38
WGN,WBQ,11.74
WGR,BKG,1.63
WGR,FOG,0.99
WGR,WNP,0.85
WGT,ASP,8.15
WGT,DLS,7.50
WGV,SHI,0.91
WGV,TWY,1.84
WGW,GST,2.48
WGW,INC,1.01
WGW,PEM,1.69
WHA,AFK,8.08
WHA,SDG,1.26
WHC,SJS,0.53
WHC,WST,0.85
WHD,BSY,0.50
WHD,FNY,0.41
WHE,CLH,3.75
WHE,LHO,2.35
WHG,BON,4.63
WHG,HIN,2.49
WHI,CSW,1.49
WHI,FAV,7.11
WHL,BCV,0.79
WHL,SLV,0.78
WHM,CBK,3.00
WHM,FNT,4.11
WHN,HUY,1.96
WHN,RNH,1.47
WHP,CRI,1.19
WHP,KTN,2.48
WHR,LAI,3.66
WHR,UPM,3.93
WHS,CAT,1.66
WHS,WHY,0.49
WHT,COY,0.41
WHT,RHI,0.34
WHY,KLY,1.36
WHY,WHS,0.49
WIC,BIC,4.63
WIC,BLB,2.50
WIC,RLG,4.11
WID,HGN,1.74
WID,SNK,3.59
WIH,GPK,0.65
WIH,PAL,1.16
WIJ,ACC,1.88
WIJ,HDN,0.63
WIJ,KNL,0.94
WIJ,KNR,0.98
WIJ,KPA,2.75
WIJ,SPB,1.50
WIL,BUT,4.89
WIL,PEA,4.75
WIM,EAD,1.66
WIM,HYR,0.83
WIM,RAY,1.41
WIM,WBO,0.95
WIN,MIC,8.49
WIN,SHW,3.14
WIV,ALR,1.74
WIV,HYH,2.41
WKB,ASB,4.65
WKB,FRL,3.89
WKD,ATN,3.60
WKD,MSD,1.65
WKF,OUT,2.51
WKF,SNA,1.78
WKF,WKK,0.69
WKG,FLM,3.65
WKG,HRR,1.89
WKI,HYK,1.23
WKK,DRT,7.58
WKK,MIR,9.36
WKK,NOR,3.09
WKK,SHC,4.36
WKK,WKF,0.69
WKM,BCE,4.33
WKM,CRN,3.28
WKM,WNS,2.03
WLC,CHN,1.23
WLC,ENL,0.98
WLD,CWU,3.13
WLD,SLQ,0.94
WLE,MCH,8.80
WLE,PBO,6.12
WLF,GRC,3.31
WLF,SED,3.43
WLG,NBN,1.16
WLG,WLV,0.31
WLI,BXH,1.39
WLI,FCN,1.03
WLM,MUI,1.30
WLM,WCR,0.85
WLN,OKN,3.05
WLN,SHR,10.28
WLO,BLN,1.11
WLO,SFL,1.06
WLP,NWT,13.96
WLP,SHR,19.74
WLS,BTE,1.70
WLS,SHO,0.58
WLT,CSB,0.84
WLT,WDO,1.56
WLV,BKN,1.64
WLV,WLG,0.31
WLW,KBW,3.04
WLW,WGC,1.69
WLY,HYC,1.60
WLY,RML,1.16
WMA,BRG,5.13
WMA,EML,1.06
WMB,KPA,5.49
WMB,NWB,0.81
WMB,SBP,1.04
WMC,BER,1.61
WMC,STY,1.00
WMC,WWW,3.60
WMD,NRW,10.15
WMD,SPN,2.56
WME,CDN,0.91
WME,CHP,1.01
WMG,BPK,0.98
WMG,HAT,2.23
WMI,BGN,0.81
WMI,SRR,1.25
WML,ALD,1.64
WML,HTH,1.54
WML,SYA,1.74
WMN,DMH,3.31
WMN,SAL,19.74
WMR,DDG,1.90
WMR,SOL,1.48
WMS,INP,2.26
WMW,BHO,0.76
WMW,LEM,1.13
WNC,SLO,2.78
WND,GMN,4.49
WND,SKM,2.40
WNE,CEH,7.54
WNE,TAM,1.86
WNE,WTO,7.81
WNF,FLE,3.36
WNF,HOK,2.34
WNG,FRW,0.50
WNG,NNP,1.50
WNH,HRH,2.06
WNH,OLY,4.31
WNL,DFR,0.92
WNL,PTG,2.25
WNM,WOR,1.60
WNM,WSM,1.26
WNN,BEN,3.24
WNN,CNF,9.74
WNP,LER,1.19
WNP,WGR,0.85
WNR,DAT,1.80
WNS,WKM,2.03
WNS,WTI,0.81
WNT,CLJ,0.80
WNT,PUT,1.18
WNW,GIP,0.93
WNW,SRH,1.29
WNW,TUH,0.69
WNY,CES,1.18
WNY,WTM,3.16
WOB,APG,0.96
WOB,BWB,2.04
WOF,DTW,6.03
WOF,MVL,6.79
WOF,WOS,0.65
WOH,OXT,3.15
WOH,UWL,1.76
WOK,BKO,3.66
WOK,WBY,2.66
WOK,WPL,2.45
WOL,MKC,2.61
WOL,NMP,13.40
WOL,RUG,30.16
WOM,BNY,4.03
WOM,ELR,1.58
WON,FRI,1.30
WOO,MTN,4.44
WOO,WRM,4.99
WOP,ASC,11.29
WOP,BMV,12.60
WOP,PSH,4.16
WOP,WOS,3.71
WOR,HIG,10.76
WOR,WNM,1.60
WOR,YAT,4.20
WOS,ASC,14.75
WOS,DTW,5.76
WOS,WOF,0.65
WOS,WOP,3.71
WPE,ROE,0.33
WPE,SDE,0.48
WPL,GLD,3.56
WPL,WOK,2.45
WRB,HPQ,3.80
WRB,MIS,3.95
WRE,NAN,4.41
WRE,WTC,4.95
WRH,EWR,0.90
WRH,WWO,0.79
WRK,RET,7.50
WRK,SRO,2.06
WRK,WWL,4.63
WRL,BMP,6.69
WRL,CAR,4.28
WRM,HOL,2.11
WRM,WOO,4.99
WRN,CMR,2.11
WRN,SHM,1.71
WRP,HTN,2.88
WRP,WRW,1.28
WRS,HOW,2.64
WRS,SBY,6.01
WRT,HXM,4.28
WRT,NWA,2.94
WRU,DNM,2.71
WRU,SRU,1.81
WRU,WEA,6.00
WRW,HTN,4.19
WRW,LMS,1.94
WRW,WRP,1.28
WRX,CTR,12.08
WRX,GWE,1.60
WRX,RUA,4.91
WRX,WXC,0.56
WRY,SNS,2.50
WRY,SNY,1.11
WSA,HNX,2.58
WSA,LPY,1.00
WSA,MSH,0.73
WSA,RUN,9.10
WSB,DMH,1.34
WSB,FRO,5.75
WSB,PEW,20.25
WSB,TRO,4.04
WSE,DLH,4.26
WSE,RYE,1.85
WSF,CRE,7.54
WSF,HTF,4.29
WSH,CLU,4.45
WSH,SDM,1.51
WSL,BLX,2.75
WSL,BSC,1.96
WSL,WVH,6.80
WSM,HIG,8.91
WSM,WNM,1.26
WSR,DVN,0.89
WSR,HAZ,0.90
WST,HIP,1.58
WST,WHC,0.85
WSU,SUC,0.75
WSU,SUO,1.05
WSW,BAL,0.59
WSW,CLJ,1.36
WTA,CUH,1.60
WTA,KGE,1.09
WTB,RUS,1.39
WTC,PRS,4.90
WTC,WRE,4.95
WTE,SRL,0.91
WTE,WYT,0.99
WTG,DOW,4.79
WTG,KLN,6.04
WTH,CKL,1.06
WTH,PRN,1.30
WTI,EAR,1.08
WTI,WNS,0.81
WTL,CMN,14.08
WTL,CUW,5.35
WTL,FYS,20.34
WTL,NAR,5.18
WTM,HAP,2.65
WTM,KEL,3.66
WTM,WNY,3.16
WTN,FEL,2.30
WTN,HOU,1.53
WTN,TWI,1.26
WTO,BHM,7.86
WTO,CEH,1.50
WTO,KNN,11.99
WTO,NUN,13.75
WTO,WNE,7.81
WTR,EFL,2.98
WTR,YAL,1.73
WTS,AMB,1.99
WTS,CMF,2.96
WTT,AST,0.71
WTT,PRY,0.85
WTY,HSL,4.55
WTY,MLF,2.19
WVF,BUG,0.84
WVF,HHE,2.91
WVF,PMP,3.79
WVH,BBK,3.99
WVH,BSC,6.08
WVH,CSY,3.31
WVH,PKG,9.60
WVH,WSL,6.80
WWA,PLU,0.99
WWA,WWD,0.33
WWD,CTN,1.15
WWD,WWA,0.33
WWI,EDN,0.81
WWI,HYS,1.16
WWL,CWD,1.36
WWL,WRK,4.63
WWO,DUR,0.80
WWO,WRH,0.79
WWR,BAK,0.70
WWR,CLP,0.39
WWW,HNL,1.80
WWW,WMC,3.60
WXC,WRX,0.56
WYB,ASN,1.75
WYB,BFN,1.25
WYB,WAL,2.08
WYE,AFK,4.28
WYE,CIL,4.71
WYL,CRD,0.78
WYL,SUT,1.19
WYM,BLO,4.40
WYM,PRU,2.16
WYT,EWD,1.08
WYT,WTE,0.99
XRD,SHV,2.00
YAE,BPW,6.25
YAE,CDU,14.37
YAL,BEG,1.61
YAL,WTR,1.73
YAT,NLS,3.94
YAT,WOR,4.20
YEO,CDI,3.66
YEO,COP,2.93
YET,CNO,2.05
YET,THO,1.14
YNW,TRB,0.45
YNW,TRY,1.20
YOK,CYK,0.84
YOK,GRS,0.98
YRD,HLG,1.33
YRD,SRL,1.23
YRK,DON,32.54
YRK,MLT,21.15
YRK,POP,2.89
YRK,SBY,18.40
YRK,THI,22.20
YRK,ULL,8.88
YRM,EAG,2.50
YRM,NTR,12.16
YRT,SHR,7.32
YRT,WEM,3.46
YSM,HNG,0.91
YSM,LNB,2.86
YSR,LLY,1.34
YSR,TPN,0.51
YVJ,CKN,8.80
YVJ,SHE,4.59
YVJ,YVP,2.00
YVP,CLC,11.60
YVP,THO,3.16
YVP,YVJ,2.00
ZCW,ROE,0.21
ZCW,SQE,0.33
ZFD,CTK,0.34
ZFD,STP,1.21
ZLW,SDC,0.72
ZLW,SDE,0.62
